split,query_name,pdb_id,chain_id,length,seed,sample,candidate_id,model_path,avg_plddt,ptm,gpde,has_clash,sample_ranking_score
development,1L66_A,1L66,A,164,123,1,1L66_A_s123_n1,stage3/candidate_generation/candidates/development/1L66_A/seed_123/1L66_A_seed_123_sample_1_model.cif,91.296638,0.855218,0.302467,0.0,0.171044
development,1L66_A,1L66,A,164,123,2,1L66_A_s123_n2,stage3/candidate_generation/candidates/development/1L66_A/seed_123/1L66_A_seed_123_sample_2_model.cif,91.61972,0.872282,0.298364,0.0,0.174456
development,1L66_A,1L66,A,164,123,3,1L66_A_s123_n3,stage3/candidate_generation/candidates/development/1L66_A/seed_123/1L66_A_seed_123_sample_3_model.cif,91.629082,0.874537,0.298301,0.0,0.174907
development,1L66_A,1L66,A,164,123,4,1L66_A_s123_n4,stage3/candidate_generation/candidates/development/1L66_A/seed_123/1L66_A_seed_123_sample_4_model.cif,91.784958,0.881751,0.296156,0.0,0.17635
development,1L66_A,1L66,A,164,123,5,1L66_A_s123_n5,stage3/candidate_generation/candidates/development/1L66_A/seed_123/1L66_A_seed_123_sample_5_model.cif,91.139511,0.846883,0.304924,0.0,0.169377
development,1L66_A,1L66,A,164,2024,1,1L66_A_s2024_n1,stage3/candidate_generation/candidates/development/1L66_A/seed_2024/1L66_A_seed_2024_sample_1_model.cif,91.155159,0.857944,0.301771,0.0,0.171589
development,1L66_A,1L66,A,164,2024,2,1L66_A_s2024_n2,stage3/candidate_generation/candidates/development/1L66_A/seed_2024/1L66_A_seed_2024_sample_2_model.cif,91.256813,0.85709,0.302165,0.0,0.171418
development,1L66_A,1L66,A,164,2024,3,1L66_A_s2024_n3,stage3/candidate_generation/candidates/development/1L66_A/seed_2024/1L66_A_seed_2024_sample_3_model.cif,91.061317,0.849894,0.303404,0.0,0.169979
development,1L66_A,1L66,A,164,2024,4,1L66_A_s2024_n4,stage3/candidate_generation/candidates/development/1L66_A/seed_2024/1L66_A_seed_2024_sample_4_model.cif,92.208443,0.897054,0.289057,0.0,0.179411
development,1L66_A,1L66,A,164,2024,5,1L66_A_s2024_n5,stage3/candidate_generation/candidates/development/1L66_A/seed_2024/1L66_A_seed_2024_sample_5_model.cif,91.773087,0.883364,0.293411,0.0,0.176673
development,1L66_A,1L66,A,164,31337,1,1L66_A_s31337_n1,stage3/candidate_generation/candidates/development/1L66_A/seed_31337/1L66_A_seed_31337_sample_1_model.cif,92.148819,0.899414,0.29084,0.0,0.179883
development,1L66_A,1L66,A,164,31337,2,1L66_A_s31337_n2,stage3/candidate_generation/candidates/development/1L66_A/seed_31337/1L66_A_seed_31337_sample_2_model.cif,90.991783,0.846169,0.307068,0.0,0.169234
development,1L66_A,1L66,A,164,31337,3,1L66_A_s31337_n3,stage3/candidate_generation/candidates/development/1L66_A/seed_31337/1L66_A_seed_31337_sample_3_model.cif,91.463272,0.87202,0.29897,0.0,0.174404
development,1L66_A,1L66,A,164,31337,4,1L66_A_s31337_n4,stage3/candidate_generation/candidates/development/1L66_A/seed_31337/1L66_A_seed_31337_sample_4_model.cif,90.962372,0.845027,0.307049,0.0,0.169005
development,1L66_A,1L66,A,164,31337,5,1L66_A_s31337_n5,stage3/candidate_generation/candidates/development/1L66_A/seed_31337/1L66_A_seed_31337_sample_5_model.cif,90.958794,0.84269,0.307274,0.0,0.168538
development,1L66_A,1L66,A,164,42,1,1L66_A_s42_n1,stage3/candidate_generation/candidates/development/1L66_A/seed_42/1L66_A_seed_42_sample_1_model.cif,91.618317,0.87337,0.297895,0.0,0.174674
development,1L66_A,1L66,A,164,42,2,1L66_A_s42_n2,stage3/candidate_generation/candidates/development/1L66_A/seed_42/1L66_A_seed_42_sample_2_model.cif,91.178368,0.844194,0.303838,0.0,0.168839
development,1L66_A,1L66,A,164,42,3,1L66_A_s42_n3,stage3/candidate_generation/candidates/development/1L66_A/seed_42/1L66_A_seed_42_sample_3_model.cif,92.165894,0.897105,0.290895,0.0,0.179421
development,1L66_A,1L66,A,164,42,4,1L66_A_s42_n4,stage3/candidate_generation/candidates/development/1L66_A/seed_42/1L66_A_seed_42_sample_4_model.cif,91.140938,0.846417,0.304688,0.0,0.169283
development,1L66_A,1L66,A,164,42,5,1L66_A_s42_n5,stage3/candidate_generation/candidates/development/1L66_A/seed_42/1L66_A_seed_42_sample_5_model.cif,92.148117,0.896107,0.290968,0.0,0.179221
development,1L66_A,1L66,A,164,7,1,1L66_A_s7_n1,stage3/candidate_generation/candidates/development/1L66_A/seed_7/1L66_A_seed_7_sample_1_model.cif,91.619431,0.867181,0.299254,0.0,0.173436
development,1L66_A,1L66,A,164,7,2,1L66_A_s7_n2,stage3/candidate_generation/candidates/development/1L66_A/seed_7/1L66_A_seed_7_sample_2_model.cif,92.305214,0.902972,0.29142,0.0,0.180594
development,1L66_A,1L66,A,164,7,3,1L66_A_s7_n3,stage3/candidate_generation/candidates/development/1L66_A/seed_7/1L66_A_seed_7_sample_3_model.cif,91.757927,0.876198,0.297362,0.0,0.17524
development,1L66_A,1L66,A,164,7,4,1L66_A_s7_n4,stage3/candidate_generation/candidates/development/1L66_A/seed_7/1L66_A_seed_7_sample_4_model.cif,91.289299,0.854495,0.303021,0.0,0.170899
development,1L66_A,1L66,A,164,7,5,1L66_A_s7_n5,stage3/candidate_generation/candidates/development/1L66_A/seed_7/1L66_A_seed_7_sample_5_model.cif,92.466309,0.905764,0.289016,0.0,0.181153
development,3RF2_A,3RF2,A,168,123,1,3RF2_A_s123_n1,stage3/candidate_generation/candidates/development/3RF2_A/seed_123/3RF2_A_seed_123_sample_1_model.cif,87.984459,0.902822,0.364295,0.0,0.180564
development,3RF2_A,3RF2,A,168,123,2,3RF2_A_s123_n2,stage3/candidate_generation/candidates/development/3RF2_A/seed_123/3RF2_A_seed_123_sample_2_model.cif,88.357773,0.90564,0.3595,0.0,0.181128
development,3RF2_A,3RF2,A,168,123,3,3RF2_A_s123_n3,stage3/candidate_generation/candidates/development/3RF2_A/seed_123/3RF2_A_seed_123_sample_3_model.cif,88.091293,0.903969,0.362574,0.0,0.180794
development,3RF2_A,3RF2,A,168,123,4,3RF2_A_s123_n4,stage3/candidate_generation/candidates/development/3RF2_A/seed_123/3RF2_A_seed_123_sample_4_model.cif,88.349792,0.906514,0.359183,0.0,0.181303
development,3RF2_A,3RF2,A,168,123,5,3RF2_A_s123_n5,stage3/candidate_generation/candidates/development/3RF2_A/seed_123/3RF2_A_seed_123_sample_5_model.cif,88.199501,0.905335,0.361505,0.0,0.181067
development,3RF2_A,3RF2,A,168,2024,1,3RF2_A_s2024_n1,stage3/candidate_generation/candidates/development/3RF2_A/seed_2024/3RF2_A_seed_2024_sample_1_model.cif,88.334747,0.906526,0.35892,0.0,0.181305
development,3RF2_A,3RF2,A,168,2024,2,3RF2_A_s2024_n2,stage3/candidate_generation/candidates/development/3RF2_A/seed_2024/3RF2_A_seed_2024_sample_2_model.cif,88.468239,0.908174,0.356327,0.0,0.181635
development,3RF2_A,3RF2,A,168,2024,3,3RF2_A_s2024_n3,stage3/candidate_generation/candidates/development/3RF2_A/seed_2024/3RF2_A_seed_2024_sample_3_model.cif,88.343628,0.906713,0.357612,0.0,0.181343
development,3RF2_A,3RF2,A,168,2024,4,3RF2_A_s2024_n4,stage3/candidate_generation/candidates/development/3RF2_A/seed_2024/3RF2_A_seed_2024_sample_4_model.cif,88.442474,0.907623,0.357229,0.0,0.181525
development,3RF2_A,3RF2,A,168,2024,5,3RF2_A_s2024_n5,stage3/candidate_generation/candidates/development/3RF2_A/seed_2024/3RF2_A_seed_2024_sample_5_model.cif,88.392189,0.907436,0.357454,0.0,0.181487
development,3RF2_A,3RF2,A,168,31337,1,3RF2_A_s31337_n1,stage3/candidate_generation/candidates/development/3RF2_A/seed_31337/3RF2_A_seed_31337_sample_1_model.cif,88.134995,0.906891,0.359638,0.0,0.181378
development,3RF2_A,3RF2,A,168,31337,2,3RF2_A_s31337_n2,stage3/candidate_generation/candidates/development/3RF2_A/seed_31337/3RF2_A_seed_31337_sample_2_model.cif,88.158043,0.906482,0.360612,0.0,0.181296
development,3RF2_A,3RF2,A,168,31337,3,3RF2_A_s31337_n3,stage3/candidate_generation/candidates/development/3RF2_A/seed_31337/3RF2_A_seed_31337_sample_3_model.cif,88.060127,0.905667,0.360292,0.0,0.181133
development,3RF2_A,3RF2,A,168,31337,4,3RF2_A_s31337_n4,stage3/candidate_generation/candidates/development/3RF2_A/seed_31337/3RF2_A_seed_31337_sample_4_model.cif,88.057625,0.906364,0.360763,0.0,0.181273
development,3RF2_A,3RF2,A,168,31337,5,3RF2_A_s31337_n5,stage3/candidate_generation/candidates/development/3RF2_A/seed_31337/3RF2_A_seed_31337_sample_5_model.cif,88.47776,0.909983,0.357935,0.0,0.181997
development,3RF2_A,3RF2,A,168,42,1,3RF2_A_s42_n1,stage3/candidate_generation/candidates/development/3RF2_A/seed_42/3RF2_A_seed_42_sample_1_model.cif,88.418312,0.905676,0.352135,0.0,0.181135
development,3RF2_A,3RF2,A,168,42,2,3RF2_A_s42_n2,stage3/candidate_generation/candidates/development/3RF2_A/seed_42/3RF2_A_seed_42_sample_2_model.cif,88.597389,0.90733,0.349577,0.0,0.181466
development,3RF2_A,3RF2,A,168,42,3,3RF2_A_s42_n3,stage3/candidate_generation/candidates/development/3RF2_A/seed_42/3RF2_A_seed_42_sample_3_model.cif,88.519135,0.906704,0.349541,0.0,0.181341
development,3RF2_A,3RF2,A,168,42,4,3RF2_A_s42_n4,stage3/candidate_generation/candidates/development/3RF2_A/seed_42/3RF2_A_seed_42_sample_4_model.cif,88.673218,0.907827,0.347423,0.0,0.181565
development,3RF2_A,3RF2,A,168,42,5,3RF2_A_s42_n5,stage3/candidate_generation/candidates/development/3RF2_A/seed_42/3RF2_A_seed_42_sample_5_model.cif,88.848343,0.912209,0.344983,0.0,0.182442
development,3RF2_A,3RF2,A,168,7,1,3RF2_A_s7_n1,stage3/candidate_generation/candidates/development/3RF2_A/seed_7/3RF2_A_seed_7_sample_1_model.cif,88.378784,0.909672,0.359837,0.0,0.181934
development,3RF2_A,3RF2,A,168,7,2,3RF2_A_s7_n2,stage3/candidate_generation/candidates/development/3RF2_A/seed_7/3RF2_A_seed_7_sample_2_model.cif,88.534866,0.910719,0.353352,0.0,0.182144
development,3RF2_A,3RF2,A,168,7,3,3RF2_A_s7_n3,stage3/candidate_generation/candidates/development/3RF2_A/seed_7/3RF2_A_seed_7_sample_3_model.cif,88.377136,0.909348,0.356283,0.0,0.18187
development,3RF2_A,3RF2,A,168,7,4,3RF2_A_s7_n4,stage3/candidate_generation/candidates/development/3RF2_A/seed_7/3RF2_A_seed_7_sample_4_model.cif,88.444199,0.910202,0.354689,0.0,0.18204
development,3RF2_A,3RF2,A,168,7,5,3RF2_A_s7_n5,stage3/candidate_generation/candidates/development/3RF2_A/seed_7/3RF2_A_seed_7_sample_5_model.cif,88.444595,0.909975,0.355048,0.0,0.181995
development,3RNT_A,3RNT,A,104,123,1,3RNT_A_s123_n1,stage3/candidate_generation/candidates/development/3RNT_A/seed_123/3RNT_A_seed_123_sample_1_model.cif,95.33239,0.946222,0.290996,0.0,0.189244
development,3RNT_A,3RNT,A,104,123,2,3RNT_A_s123_n2,stage3/candidate_generation/candidates/development/3RNT_A/seed_123/3RNT_A_seed_123_sample_2_model.cif,95.352676,0.946797,0.291566,0.0,0.189359
development,3RNT_A,3RNT,A,104,123,3,3RNT_A_s123_n3,stage3/candidate_generation/candidates/development/3RNT_A/seed_123/3RNT_A_seed_123_sample_3_model.cif,95.467941,0.94759,0.289982,0.0,0.189518
development,3RNT_A,3RNT,A,104,123,4,3RNT_A_s123_n4,stage3/candidate_generation/candidates/development/3RNT_A/seed_123/3RNT_A_seed_123_sample_4_model.cif,95.450478,0.947577,0.289787,0.0,0.189515
development,3RNT_A,3RNT,A,104,123,5,3RNT_A_s123_n5,stage3/candidate_generation/candidates/development/3RNT_A/seed_123/3RNT_A_seed_123_sample_5_model.cif,95.357689,0.946428,0.290728,0.0,0.189286
development,3RNT_A,3RNT,A,104,2024,1,3RNT_A_s2024_n1,stage3/candidate_generation/candidates/development/3RNT_A/seed_2024/3RNT_A_seed_2024_sample_1_model.cif,95.434479,0.94714,0.290078,0.0,0.189428
development,3RNT_A,3RNT,A,104,2024,2,3RNT_A_s2024_n2,stage3/candidate_generation/candidates/development/3RNT_A/seed_2024/3RNT_A_seed_2024_sample_2_model.cif,95.331947,0.946395,0.291073,0.0,0.189279
development,3RNT_A,3RNT,A,104,2024,3,3RNT_A_s2024_n3,stage3/candidate_generation/candidates/development/3RNT_A/seed_2024/3RNT_A_seed_2024_sample_3_model.cif,95.408371,0.947239,0.290426,0.0,0.189448
development,3RNT_A,3RNT,A,104,2024,4,3RNT_A_s2024_n4,stage3/candidate_generation/candidates/development/3RNT_A/seed_2024/3RNT_A_seed_2024_sample_4_model.cif,95.459534,0.947286,0.289669,0.0,0.189457
development,3RNT_A,3RNT,A,104,2024,5,3RNT_A_s2024_n5,stage3/candidate_generation/candidates/development/3RNT_A/seed_2024/3RNT_A_seed_2024_sample_5_model.cif,95.537613,0.948093,0.288866,0.0,0.189619
development,3RNT_A,3RNT,A,104,31337,1,3RNT_A_s31337_n1,stage3/candidate_generation/candidates/development/3RNT_A/seed_31337/3RNT_A_seed_31337_sample_1_model.cif,95.414085,0.947485,0.289917,0.0,0.189497
development,3RNT_A,3RNT,A,104,31337,2,3RNT_A_s31337_n2,stage3/candidate_generation/candidates/development/3RNT_A/seed_31337/3RNT_A_seed_31337_sample_2_model.cif,95.453415,0.947571,0.289442,0.0,0.189514
development,3RNT_A,3RNT,A,104,31337,3,3RNT_A_s31337_n3,stage3/candidate_generation/candidates/development/3RNT_A/seed_31337/3RNT_A_seed_31337_sample_3_model.cif,95.444733,0.947229,0.290329,0.0,0.189446
development,3RNT_A,3RNT,A,104,31337,4,3RNT_A_s31337_n4,stage3/candidate_generation/candidates/development/3RNT_A/seed_31337/3RNT_A_seed_31337_sample_4_model.cif,95.402748,0.947064,0.290141,0.0,0.189413
development,3RNT_A,3RNT,A,104,31337,5,3RNT_A_s31337_n5,stage3/candidate_generation/candidates/development/3RNT_A/seed_31337/3RNT_A_seed_31337_sample_5_model.cif,95.494492,0.948185,0.289362,0.0,0.189637
development,3RNT_A,3RNT,A,104,42,1,3RNT_A_s42_n1,stage3/candidate_generation/candidates/development/3RNT_A/seed_42/3RNT_A_seed_42_sample_1_model.cif,95.39389,0.947552,0.290574,0.0,0.18951
development,3RNT_A,3RNT,A,104,42,2,3RNT_A_s42_n2,stage3/candidate_generation/candidates/development/3RNT_A/seed_42/3RNT_A_seed_42_sample_2_model.cif,95.410316,0.948081,0.290774,0.0,0.189616
development,3RNT_A,3RNT,A,104,42,3,3RNT_A_s42_n3,stage3/candidate_generation/candidates/development/3RNT_A/seed_42/3RNT_A_seed_42_sample_3_model.cif,95.226746,0.945844,0.292398,0.0,0.189169
development,3RNT_A,3RNT,A,104,42,4,3RNT_A_s42_n4,stage3/candidate_generation/candidates/development/3RNT_A/seed_42/3RNT_A_seed_42_sample_4_model.cif,95.362823,0.947022,0.291376,0.0,0.189404
development,3RNT_A,3RNT,A,104,42,5,3RNT_A_s42_n5,stage3/candidate_generation/candidates/development/3RNT_A/seed_42/3RNT_A_seed_42_sample_5_model.cif,95.316269,0.946786,0.291257,0.0,0.189357
development,3RNT_A,3RNT,A,104,7,1,3RNT_A_s7_n1,stage3/candidate_generation/candidates/development/3RNT_A/seed_7/3RNT_A_seed_7_sample_1_model.cif,95.246895,0.945796,0.292961,0.0,0.189159
development,3RNT_A,3RNT,A,104,7,2,3RNT_A_s7_n2,stage3/candidate_generation/candidates/development/3RNT_A/seed_7/3RNT_A_seed_7_sample_2_model.cif,95.458824,0.947803,0.290293,0.0,0.189561
development,3RNT_A,3RNT,A,104,7,3,3RNT_A_s7_n3,stage3/candidate_generation/candidates/development/3RNT_A/seed_7/3RNT_A_seed_7_sample_3_model.cif,95.469833,0.947654,0.289871,0.0,0.189531
development,3RNT_A,3RNT,A,104,7,4,3RNT_A_s7_n4,stage3/candidate_generation/candidates/development/3RNT_A/seed_7/3RNT_A_seed_7_sample_4_model.cif,95.392509,0.947355,0.291154,0.0,0.189471
development,3RNT_A,3RNT,A,104,7,5,3RNT_A_s7_n5,stage3/candidate_generation/candidates/development/3RNT_A/seed_7/3RNT_A_seed_7_sample_5_model.cif,95.434914,0.947647,0.289865,0.0,0.189529
development,3LC9_A,3LC9,A,189,123,1,3LC9_A_s123_n1,stage3/candidate_generation/candidates/development/3LC9_A/seed_123/3LC9_A_seed_123_sample_1_model.cif,87.876976,0.919592,0.370476,0.0,0.183918
development,3LC9_A,3LC9,A,189,123,2,3LC9_A_s123_n2,stage3/candidate_generation/candidates/development/3LC9_A/seed_123/3LC9_A_seed_123_sample_2_model.cif,87.370979,0.916657,0.380326,0.0,0.183331
development,3LC9_A,3LC9,A,189,123,3,3LC9_A_s123_n3,stage3/candidate_generation/candidates/development/3LC9_A/seed_123/3LC9_A_seed_123_sample_3_model.cif,88.047859,0.922916,0.364483,0.0,0.184583
development,3LC9_A,3LC9,A,189,123,4,3LC9_A_s123_n4,stage3/candidate_generation/candidates/development/3LC9_A/seed_123/3LC9_A_seed_123_sample_4_model.cif,87.649376,0.918728,0.376289,0.0,0.183746
development,3LC9_A,3LC9,A,189,123,5,3LC9_A_s123_n5,stage3/candidate_generation/candidates/development/3LC9_A/seed_123/3LC9_A_seed_123_sample_5_model.cif,87.753311,0.91972,0.371808,0.0,0.183944
development,3LC9_A,3LC9,A,189,2024,1,3LC9_A_s2024_n1,stage3/candidate_generation/candidates/development/3LC9_A/seed_2024/3LC9_A_seed_2024_sample_1_model.cif,87.577103,0.918802,0.375356,0.0,0.18376
development,3LC9_A,3LC9,A,189,2024,2,3LC9_A_s2024_n2,stage3/candidate_generation/candidates/development/3LC9_A/seed_2024/3LC9_A_seed_2024_sample_2_model.cif,87.789597,0.921921,0.369329,0.0,0.184384
development,3LC9_A,3LC9,A,189,2024,3,3LC9_A_s2024_n3,stage3/candidate_generation/candidates/development/3LC9_A/seed_2024/3LC9_A_seed_2024_sample_3_model.cif,87.445724,0.918698,0.377446,0.0,0.18374
development,3LC9_A,3LC9,A,189,2024,4,3LC9_A_s2024_n4,stage3/candidate_generation/candidates/development/3LC9_A/seed_2024/3LC9_A_seed_2024_sample_4_model.cif,87.573479,0.918435,0.376539,0.0,0.183687
development,3LC9_A,3LC9,A,189,2024,5,3LC9_A_s2024_n5,stage3/candidate_generation/candidates/development/3LC9_A/seed_2024/3LC9_A_seed_2024_sample_5_model.cif,87.632332,0.919146,0.374601,0.0,0.183829
development,3LC9_A,3LC9,A,189,31337,1,3LC9_A_s31337_n1,stage3/candidate_generation/candidates/development/3LC9_A/seed_31337/3LC9_A_seed_31337_sample_1_model.cif,87.810616,0.920022,0.370719,0.0,0.184004
development,3LC9_A,3LC9,A,189,31337,2,3LC9_A_s31337_n2,stage3/candidate_generation/candidates/development/3LC9_A/seed_31337/3LC9_A_seed_31337_sample_2_model.cif,87.374916,0.917501,0.381027,0.0,0.1835
development,3LC9_A,3LC9,A,189,31337,3,3LC9_A_s31337_n3,stage3/candidate_generation/candidates/development/3LC9_A/seed_31337/3LC9_A_seed_31337_sample_3_model.cif,87.839424,0.920377,0.372251,0.0,0.184075
development,3LC9_A,3LC9,A,189,31337,4,3LC9_A_s31337_n4,stage3/candidate_generation/candidates/development/3LC9_A/seed_31337/3LC9_A_seed_31337_sample_4_model.cif,87.824646,0.920596,0.370493,0.0,0.184119
development,3LC9_A,3LC9,A,189,31337,5,3LC9_A_s31337_n5,stage3/candidate_generation/candidates/development/3LC9_A/seed_31337/3LC9_A_seed_31337_sample_5_model.cif,87.828033,0.919236,0.37099,0.0,0.183847
development,3LC9_A,3LC9,A,189,42,1,3LC9_A_s42_n1,stage3/candidate_generation/candidates/development/3LC9_A/seed_42/3LC9_A_seed_42_sample_1_model.cif,87.613007,0.918918,0.371837,0.0,0.183784
development,3LC9_A,3LC9,A,189,42,2,3LC9_A_s42_n2,stage3/candidate_generation/candidates/development/3LC9_A/seed_42/3LC9_A_seed_42_sample_2_model.cif,87.353455,0.91685,0.379327,0.0,0.18337
development,3LC9_A,3LC9,A,189,42,3,3LC9_A_s42_n3,stage3/candidate_generation/candidates/development/3LC9_A/seed_42/3LC9_A_seed_42_sample_3_model.cif,87.860443,0.92107,0.368609,0.0,0.184214
development,3LC9_A,3LC9,A,189,42,4,3LC9_A_s42_n4,stage3/candidate_generation/candidates/development/3LC9_A/seed_42/3LC9_A_seed_42_sample_4_model.cif,87.409805,0.917877,0.377765,0.0,0.183575
development,3LC9_A,3LC9,A,189,42,5,3LC9_A_s42_n5,stage3/candidate_generation/candidates/development/3LC9_A/seed_42/3LC9_A_seed_42_sample_5_model.cif,87.920479,0.92172,0.36766,0.0,0.184344
development,3LC9_A,3LC9,A,189,7,1,3LC9_A_s7_n1,stage3/candidate_generation/candidates/development/3LC9_A/seed_7/3LC9_A_seed_7_sample_1_model.cif,88.005035,0.922267,0.365558,0.0,0.184453
development,3LC9_A,3LC9,A,189,7,2,3LC9_A_s7_n2,stage3/candidate_generation/candidates/development/3LC9_A/seed_7/3LC9_A_seed_7_sample_2_model.cif,87.969887,0.920927,0.368305,0.0,0.184185
development,3LC9_A,3LC9,A,189,7,3,3LC9_A_s7_n3,stage3/candidate_generation/candidates/development/3LC9_A/seed_7/3LC9_A_seed_7_sample_3_model.cif,87.970741,0.921324,0.369427,0.0,0.184265
development,3LC9_A,3LC9,A,189,7,4,3LC9_A_s7_n4,stage3/candidate_generation/candidates/development/3LC9_A/seed_7/3LC9_A_seed_7_sample_4_model.cif,87.706024,0.918871,0.374368,0.0,0.183774
development,3LC9_A,3LC9,A,189,7,5,3LC9_A_s7_n5,stage3/candidate_generation/candidates/development/3LC9_A/seed_7/3LC9_A_seed_7_sample_5_model.cif,87.353195,0.917175,0.380392,0.0,0.183435
development,4TZF_A,4TZF,A,231,123,1,4TZF_A_s123_n1,stage3/candidate_generation/candidates/development/4TZF_A/seed_123/4TZF_A_seed_123_sample_1_model.cif,94.427177,0.955838,0.302621,0.0,0.191168
development,4TZF_A,4TZF,A,231,123,2,4TZF_A_s123_n2,stage3/candidate_generation/candidates/development/4TZF_A/seed_123/4TZF_A_seed_123_sample_2_model.cif,94.445206,0.955869,0.30274,0.0,0.191174
development,4TZF_A,4TZF,A,231,123,3,4TZF_A_s123_n3,stage3/candidate_generation/candidates/development/4TZF_A/seed_123/4TZF_A_seed_123_sample_3_model.cif,94.452156,0.955935,0.302145,0.0,0.191187
development,4TZF_A,4TZF,A,231,123,4,4TZF_A_s123_n4,stage3/candidate_generation/candidates/development/4TZF_A/seed_123/4TZF_A_seed_123_sample_4_model.cif,94.410805,0.955641,0.302796,0.0,0.191128
development,4TZF_A,4TZF,A,231,123,5,4TZF_A_s123_n5,stage3/candidate_generation/candidates/development/4TZF_A/seed_123/4TZF_A_seed_123_sample_5_model.cif,94.442879,0.955956,0.302616,0.0,0.191191
development,4TZF_A,4TZF,A,231,2024,1,4TZF_A_s2024_n1,stage3/candidate_generation/candidates/development/4TZF_A/seed_2024/4TZF_A_seed_2024_sample_1_model.cif,94.644562,0.95678,0.299806,0.0,0.191356
development,4TZF_A,4TZF,A,231,2024,2,4TZF_A_s2024_n2,stage3/candidate_generation/candidates/development/4TZF_A/seed_2024/4TZF_A_seed_2024_sample_2_model.cif,94.66378,0.956781,0.299778,0.0,0.191356
development,4TZF_A,4TZF,A,231,2024,3,4TZF_A_s2024_n3,stage3/candidate_generation/candidates/development/4TZF_A/seed_2024/4TZF_A_seed_2024_sample_3_model.cif,94.648628,0.956761,0.299933,0.0,0.191352
development,4TZF_A,4TZF,A,231,2024,4,4TZF_A_s2024_n4,stage3/candidate_generation/candidates/development/4TZF_A/seed_2024/4TZF_A_seed_2024_sample_4_model.cif,94.663567,0.956863,0.299746,0.0,0.191373
development,4TZF_A,4TZF,A,231,2024,5,4TZF_A_s2024_n5,stage3/candidate_generation/candidates/development/4TZF_A/seed_2024/4TZF_A_seed_2024_sample_5_model.cif,94.660751,0.956937,0.299554,0.0,0.191387
development,4TZF_A,4TZF,A,231,31337,1,4TZF_A_s31337_n1,stage3/candidate_generation/candidates/development/4TZF_A/seed_31337/4TZF_A_seed_31337_sample_1_model.cif,94.70652,0.957925,0.2968,0.0,0.191585
development,4TZF_A,4TZF,A,231,31337,2,4TZF_A_s31337_n2,stage3/candidate_generation/candidates/development/4TZF_A/seed_31337/4TZF_A_seed_31337_sample_2_model.cif,94.700012,0.957643,0.297067,0.0,0.191529
development,4TZF_A,4TZF,A,231,31337,3,4TZF_A_s31337_n3,stage3/candidate_generation/candidates/development/4TZF_A/seed_31337/4TZF_A_seed_31337_sample_3_model.cif,94.715492,0.957916,0.296657,0.0,0.191583
development,4TZF_A,4TZF,A,231,31337,4,4TZF_A_s31337_n4,stage3/candidate_generation/candidates/development/4TZF_A/seed_31337/4TZF_A_seed_31337_sample_4_model.cif,94.707809,0.957765,0.297208,0.0,0.191553
development,4TZF_A,4TZF,A,231,31337,5,4TZF_A_s31337_n5,stage3/candidate_generation/candidates/development/4TZF_A/seed_31337/4TZF_A_seed_31337_sample_5_model.cif,94.723473,0.957894,0.296581,0.0,0.191579
development,4TZF_A,4TZF,A,231,42,1,4TZF_A_s42_n1,stage3/candidate_generation/candidates/development/4TZF_A/seed_42/4TZF_A_seed_42_sample_1_model.cif,94.107452,0.953542,0.307825,0.0,0.190708
development,4TZF_A,4TZF,A,231,42,2,4TZF_A_s42_n2,stage3/candidate_generation/candidates/development/4TZF_A/seed_42/4TZF_A_seed_42_sample_2_model.cif,94.131752,0.953692,0.307401,0.0,0.190738
development,4TZF_A,4TZF,A,231,42,3,4TZF_A_s42_n3,stage3/candidate_generation/candidates/development/4TZF_A/seed_42/4TZF_A_seed_42_sample_3_model.cif,94.142036,0.953645,0.307112,0.0,0.190729
development,4TZF_A,4TZF,A,231,42,4,4TZF_A_s42_n4,stage3/candidate_generation/candidates/development/4TZF_A/seed_42/4TZF_A_seed_42_sample_4_model.cif,94.125374,0.953489,0.307968,0.0,0.190698
development,4TZF_A,4TZF,A,231,42,5,4TZF_A_s42_n5,stage3/candidate_generation/candidates/development/4TZF_A/seed_42/4TZF_A_seed_42_sample_5_model.cif,94.153801,0.953849,0.307022,0.0,0.19077
development,4TZF_A,4TZF,A,231,7,1,4TZF_A_s7_n1,stage3/candidate_generation/candidates/development/4TZF_A/seed_7/4TZF_A_seed_7_sample_1_model.cif,94.398178,0.954852,0.302791,0.0,0.19097
development,4TZF_A,4TZF,A,231,7,2,4TZF_A_s7_n2,stage3/candidate_generation/candidates/development/4TZF_A/seed_7/4TZF_A_seed_7_sample_2_model.cif,94.443481,0.955212,0.301556,0.0,0.191042
development,4TZF_A,4TZF,A,231,7,3,4TZF_A_s7_n3,stage3/candidate_generation/candidates/development/4TZF_A/seed_7/4TZF_A_seed_7_sample_3_model.cif,94.402481,0.954895,0.302556,0.0,0.190979
development,4TZF_A,4TZF,A,231,7,4,4TZF_A_s7_n4,stage3/candidate_generation/candidates/development/4TZF_A/seed_7/4TZF_A_seed_7_sample_4_model.cif,94.469917,0.955435,0.30149,0.0,0.191087
development,4TZF_A,4TZF,A,231,7,5,4TZF_A_s7_n5,stage3/candidate_generation/candidates/development/4TZF_A/seed_7/4TZF_A_seed_7_sample_5_model.cif,94.389343,0.954768,0.302824,0.0,0.190954
development,1KN3_A,1KN3,A,183,123,1,1KN3_A_s123_n1,stage3/candidate_generation/candidates/development/1KN3_A/seed_123/1KN3_A_seed_123_sample_1_model.cif,88.40786,0.927529,0.412049,0.0,0.185506
development,1KN3_A,1KN3,A,183,123,2,1KN3_A_s123_n2,stage3/candidate_generation/candidates/development/1KN3_A/seed_123/1KN3_A_seed_123_sample_2_model.cif,89.348625,0.935482,0.393021,0.0,0.187096
development,1KN3_A,1KN3,A,183,123,3,1KN3_A_s123_n3,stage3/candidate_generation/candidates/development/1KN3_A/seed_123/1KN3_A_seed_123_sample_3_model.cif,88.963959,0.932209,0.401223,0.0,0.186442
development,1KN3_A,1KN3,A,183,123,4,1KN3_A_s123_n4,stage3/candidate_generation/candidates/development/1KN3_A/seed_123/1KN3_A_seed_123_sample_4_model.cif,89.120857,0.933003,0.39734,0.0,0.186601
development,1KN3_A,1KN3,A,183,123,5,1KN3_A_s123_n5,stage3/candidate_generation/candidates/development/1KN3_A/seed_123/1KN3_A_seed_123_sample_5_model.cif,89.197365,0.933599,0.396829,0.0,0.18672
development,1KN3_A,1KN3,A,183,2024,1,1KN3_A_s2024_n1,stage3/candidate_generation/candidates/development/1KN3_A/seed_2024/1KN3_A_seed_2024_sample_1_model.cif,87.88324,0.920769,0.432555,0.0,0.184154
development,1KN3_A,1KN3,A,183,2024,2,1KN3_A_s2024_n2,stage3/candidate_generation/candidates/development/1KN3_A/seed_2024/1KN3_A_seed_2024_sample_2_model.cif,88.076645,0.923041,0.427436,0.0,0.184608
development,1KN3_A,1KN3,A,183,2024,3,1KN3_A_s2024_n3,stage3/candidate_generation/candidates/development/1KN3_A/seed_2024/1KN3_A_seed_2024_sample_3_model.cif,88.018066,0.922814,0.429036,0.0,0.184563
development,1KN3_A,1KN3,A,183,2024,4,1KN3_A_s2024_n4,stage3/candidate_generation/candidates/development/1KN3_A/seed_2024/1KN3_A_seed_2024_sample_4_model.cif,87.979774,0.921808,0.431199,0.0,0.184362
development,1KN3_A,1KN3,A,183,2024,5,1KN3_A_s2024_n5,stage3/candidate_generation/candidates/development/1KN3_A/seed_2024/1KN3_A_seed_2024_sample_5_model.cif,88.064339,0.922639,0.429479,0.0,0.184528
development,1KN3_A,1KN3,A,183,31337,1,1KN3_A_s31337_n1,stage3/candidate_generation/candidates/development/1KN3_A/seed_31337/1KN3_A_seed_31337_sample_1_model.cif,87.619385,0.918379,0.433879,0.0,0.183676
development,1KN3_A,1KN3,A,183,31337,2,1KN3_A_s31337_n2,stage3/candidate_generation/candidates/development/1KN3_A/seed_31337/1KN3_A_seed_31337_sample_2_model.cif,87.858353,0.92108,0.426111,0.0,0.184216
development,1KN3_A,1KN3,A,183,31337,3,1KN3_A_s31337_n3,stage3/candidate_generation/candidates/development/1KN3_A/seed_31337/1KN3_A_seed_31337_sample_3_model.cif,87.592903,0.918765,0.431999,0.0,0.183753
development,1KN3_A,1KN3,A,183,31337,4,1KN3_A_s31337_n4,stage3/candidate_generation/candidates/development/1KN3_A/seed_31337/1KN3_A_seed_31337_sample_4_model.cif,87.771309,0.920434,0.428177,0.0,0.184087
development,1KN3_A,1KN3,A,183,31337,5,1KN3_A_s31337_n5,stage3/candidate_generation/candidates/development/1KN3_A/seed_31337/1KN3_A_seed_31337_sample_5_model.cif,87.57325,0.917681,0.435053,0.0,0.183536
development,1KN3_A,1KN3,A,183,42,1,1KN3_A_s42_n1,stage3/candidate_generation/candidates/development/1KN3_A/seed_42/1KN3_A_seed_42_sample_1_model.cif,91.136826,0.945761,0.367803,0.0,0.189152
development,1KN3_A,1KN3,A,183,42,2,1KN3_A_s42_n2,stage3/candidate_generation/candidates/development/1KN3_A/seed_42/1KN3_A_seed_42_sample_2_model.cif,91.072609,0.945358,0.36929,0.0,0.189072
development,1KN3_A,1KN3,A,183,42,3,1KN3_A_s42_n3,stage3/candidate_generation/candidates/development/1KN3_A/seed_42/1KN3_A_seed_42_sample_3_model.cif,91.130852,0.945524,0.368931,0.0,0.189105
development,1KN3_A,1KN3,A,183,42,4,1KN3_A_s42_n4,stage3/candidate_generation/candidates/development/1KN3_A/seed_42/1KN3_A_seed_42_sample_4_model.cif,91.079712,0.945264,0.369918,0.0,0.189053
development,1KN3_A,1KN3,A,183,42,5,1KN3_A_s42_n5,stage3/candidate_generation/candidates/development/1KN3_A/seed_42/1KN3_A_seed_42_sample_5_model.cif,91.121597,0.945577,0.368232,0.0,0.189115
development,1KN3_A,1KN3,A,183,7,1,1KN3_A_s7_n1,stage3/candidate_generation/candidates/development/1KN3_A/seed_7/1KN3_A_seed_7_sample_1_model.cif,87.315292,0.915717,0.448248,0.0,0.183143
development,1KN3_A,1KN3,A,183,7,2,1KN3_A_s7_n2,stage3/candidate_generation/candidates/development/1KN3_A/seed_7/1KN3_A_seed_7_sample_2_model.cif,87.551445,0.917782,0.439991,0.0,0.183556
development,1KN3_A,1KN3,A,183,7,3,1KN3_A_s7_n3,stage3/candidate_generation/candidates/development/1KN3_A/seed_7/1KN3_A_seed_7_sample_3_model.cif,87.32235,0.916206,0.447641,0.0,0.183241
development,1KN3_A,1KN3,A,183,7,4,1KN3_A_s7_n4,stage3/candidate_generation/candidates/development/1KN3_A/seed_7/1KN3_A_seed_7_sample_4_model.cif,87.403954,0.916501,0.444554,0.0,0.1833
development,1KN3_A,1KN3,A,183,7,5,1KN3_A_s7_n5,stage3/candidate_generation/candidates/development/1KN3_A/seed_7/1KN3_A_seed_7_sample_5_model.cif,87.323898,0.915885,0.44873,0.0,0.183177
development,2ID7_A,2ID7,A,128,123,1,2ID7_A_s123_n1,stage3/candidate_generation/candidates/development/2ID7_A/seed_123/2ID7_A_seed_123_sample_1_model.cif,92.292732,0.943858,0.326358,0.0,0.188772
development,2ID7_A,2ID7,A,128,123,2,2ID7_A_s123_n2,stage3/candidate_generation/candidates/development/2ID7_A/seed_123/2ID7_A_seed_123_sample_2_model.cif,92.288948,0.9438,0.326932,0.0,0.18876
development,2ID7_A,2ID7,A,128,123,3,2ID7_A_s123_n3,stage3/candidate_generation/candidates/development/2ID7_A/seed_123/2ID7_A_seed_123_sample_3_model.cif,91.930687,0.941027,0.330338,0.0,0.188205
development,2ID7_A,2ID7,A,128,123,4,2ID7_A_s123_n4,stage3/candidate_generation/candidates/development/2ID7_A/seed_123/2ID7_A_seed_123_sample_4_model.cif,92.300484,0.943542,0.32682,0.0,0.188708
development,2ID7_A,2ID7,A,128,123,5,2ID7_A_s123_n5,stage3/candidate_generation/candidates/development/2ID7_A/seed_123/2ID7_A_seed_123_sample_5_model.cif,92.322029,0.944229,0.326414,0.0,0.188846
development,2ID7_A,2ID7,A,128,2024,1,2ID7_A_s2024_n1,stage3/candidate_generation/candidates/development/2ID7_A/seed_2024/2ID7_A_seed_2024_sample_1_model.cif,92.066124,0.942128,0.328453,0.0,0.188426
development,2ID7_A,2ID7,A,128,2024,2,2ID7_A_s2024_n2,stage3/candidate_generation/candidates/development/2ID7_A/seed_2024/2ID7_A_seed_2024_sample_2_model.cif,90.878403,0.931001,0.353016,0.0,0.1862
development,2ID7_A,2ID7,A,128,2024,3,2ID7_A_s2024_n3,stage3/candidate_generation/candidates/development/2ID7_A/seed_2024/2ID7_A_seed_2024_sample_3_model.cif,92.405617,0.945286,0.324239,0.0,0.189057
development,2ID7_A,2ID7,A,128,2024,4,2ID7_A_s2024_n4,stage3/candidate_generation/candidates/development/2ID7_A/seed_2024/2ID7_A_seed_2024_sample_4_model.cif,92.263954,0.94364,0.326355,0.0,0.188728
development,2ID7_A,2ID7,A,128,2024,5,2ID7_A_s2024_n5,stage3/candidate_generation/candidates/development/2ID7_A/seed_2024/2ID7_A_seed_2024_sample_5_model.cif,92.313965,0.94417,0.3258,0.0,0.188834
development,2ID7_A,2ID7,A,128,31337,1,2ID7_A_s31337_n1,stage3/candidate_generation/candidates/development/2ID7_A/seed_31337/2ID7_A_seed_31337_sample_1_model.cif,92.284081,0.943416,0.32828,0.0,0.188683
development,2ID7_A,2ID7,A,128,31337,2,2ID7_A_s31337_n2,stage3/candidate_generation/candidates/development/2ID7_A/seed_31337/2ID7_A_seed_31337_sample_2_model.cif,92.369095,0.944517,0.325783,0.0,0.188903
development,2ID7_A,2ID7,A,128,31337,3,2ID7_A_s31337_n3,stage3/candidate_generation/candidates/development/2ID7_A/seed_31337/2ID7_A_seed_31337_sample_3_model.cif,92.393791,0.944599,0.325317,0.0,0.18892
development,2ID7_A,2ID7,A,128,31337,4,2ID7_A_s31337_n4,stage3/candidate_generation/candidates/development/2ID7_A/seed_31337/2ID7_A_seed_31337_sample_4_model.cif,92.380867,0.944473,0.326069,0.0,0.188895
development,2ID7_A,2ID7,A,128,31337,5,2ID7_A_s31337_n5,stage3/candidate_generation/candidates/development/2ID7_A/seed_31337/2ID7_A_seed_31337_sample_5_model.cif,92.269524,0.943302,0.328822,0.0,0.18866
development,2ID7_A,2ID7,A,128,42,1,2ID7_A_s42_n1,stage3/candidate_generation/candidates/development/2ID7_A/seed_42/2ID7_A_seed_42_sample_1_model.cif,92.394318,0.945639,0.323162,0.0,0.189128
development,2ID7_A,2ID7,A,128,42,2,2ID7_A_s42_n2,stage3/candidate_generation/candidates/development/2ID7_A/seed_42/2ID7_A_seed_42_sample_2_model.cif,92.256157,0.943235,0.32731,0.0,0.188647
development,2ID7_A,2ID7,A,128,42,3,2ID7_A_s42_n3,stage3/candidate_generation/candidates/development/2ID7_A/seed_42/2ID7_A_seed_42_sample_3_model.cif,92.405495,0.945091,0.323763,0.0,0.189018
development,2ID7_A,2ID7,A,128,42,4,2ID7_A_s42_n4,stage3/candidate_generation/candidates/development/2ID7_A/seed_42/2ID7_A_seed_42_sample_4_model.cif,92.322769,0.94402,0.326247,0.0,0.188804
development,2ID7_A,2ID7,A,128,42,5,2ID7_A_s42_n5,stage3/candidate_generation/candidates/development/2ID7_A/seed_42/2ID7_A_seed_42_sample_5_model.cif,92.398666,0.94467,0.324383,0.0,0.188934
development,2ID7_A,2ID7,A,128,7,1,2ID7_A_s7_n1,stage3/candidate_generation/candidates/development/2ID7_A/seed_7/2ID7_A_seed_7_sample_1_model.cif,92.325676,0.944144,0.326853,0.0,0.188829
development,2ID7_A,2ID7,A,128,7,2,2ID7_A_s7_n2,stage3/candidate_generation/candidates/development/2ID7_A/seed_7/2ID7_A_seed_7_sample_2_model.cif,92.357582,0.944642,0.325385,0.0,0.188928
development,2ID7_A,2ID7,A,128,7,3,2ID7_A_s7_n3,stage3/candidate_generation/candidates/development/2ID7_A/seed_7/2ID7_A_seed_7_sample_3_model.cif,92.220711,0.9432,0.329018,0.0,0.18864
development,2ID7_A,2ID7,A,128,7,4,2ID7_A_s7_n4,stage3/candidate_generation/candidates/development/2ID7_A/seed_7/2ID7_A_seed_7_sample_4_model.cif,92.371605,0.944754,0.325328,0.0,0.188951
development,2ID7_A,2ID7,A,128,7,5,2ID7_A_s7_n5,stage3/candidate_generation/candidates/development/2ID7_A/seed_7/2ID7_A_seed_7_sample_5_model.cif,92.229645,0.94354,0.328932,0.0,0.188708
development,1LBU_A,1LBU,A,213,123,1,1LBU_A_s123_n1,stage3/candidate_generation/candidates/development/1LBU_A/seed_123/1LBU_A_seed_123_sample_1_model.cif,94.230865,0.958792,0.299783,0.0,0.191758
development,1LBU_A,1LBU,A,213,123,2,1LBU_A_s123_n2,stage3/candidate_generation/candidates/development/1LBU_A/seed_123/1LBU_A_seed_123_sample_2_model.cif,94.309067,0.959126,0.298901,0.0,0.191825
development,1LBU_A,1LBU,A,213,123,3,1LBU_A_s123_n3,stage3/candidate_generation/candidates/development/1LBU_A/seed_123/1LBU_A_seed_123_sample_3_model.cif,94.283966,0.95906,0.299106,0.0,0.191812
development,1LBU_A,1LBU,A,213,123,4,1LBU_A_s123_n4,stage3/candidate_generation/candidates/development/1LBU_A/seed_123/1LBU_A_seed_123_sample_4_model.cif,94.22467,0.958843,0.299996,0.0,0.191769
development,1LBU_A,1LBU,A,213,123,5,1LBU_A_s123_n5,stage3/candidate_generation/candidates/development/1LBU_A/seed_123/1LBU_A_seed_123_sample_5_model.cif,94.18531,0.958525,0.300473,0.0,0.191705
development,1LBU_A,1LBU,A,213,2024,1,1LBU_A_s2024_n1,stage3/candidate_generation/candidates/development/1LBU_A/seed_2024/1LBU_A_seed_2024_sample_1_model.cif,93.53994,0.95399,0.312231,0.0,0.190798
development,1LBU_A,1LBU,A,213,2024,2,1LBU_A_s2024_n2,stage3/candidate_generation/candidates/development/1LBU_A/seed_2024/1LBU_A_seed_2024_sample_2_model.cif,93.623093,0.95484,0.31072,0.0,0.190968
development,1LBU_A,1LBU,A,213,2024,3,1LBU_A_s2024_n3,stage3/candidate_generation/candidates/development/1LBU_A/seed_2024/1LBU_A_seed_2024_sample_3_model.cif,93.636078,0.954696,0.310824,0.0,0.190939
development,1LBU_A,1LBU,A,213,2024,4,1LBU_A_s2024_n4,stage3/candidate_generation/candidates/development/1LBU_A/seed_2024/1LBU_A_seed_2024_sample_4_model.cif,93.513748,0.954153,0.312074,0.0,0.190831
development,1LBU_A,1LBU,A,213,2024,5,1LBU_A_s2024_n5,stage3/candidate_generation/candidates/development/1LBU_A/seed_2024/1LBU_A_seed_2024_sample_5_model.cif,93.614662,0.954731,0.310778,0.0,0.190946
development,1LBU_A,1LBU,A,213,31337,1,1LBU_A_s31337_n1,stage3/candidate_generation/candidates/development/1LBU_A/seed_31337/1LBU_A_seed_31337_sample_1_model.cif,93.979919,0.957008,0.305217,0.0,0.191402
development,1LBU_A,1LBU,A,213,31337,2,1LBU_A_s31337_n2,stage3/candidate_generation/candidates/development/1LBU_A/seed_31337/1LBU_A_seed_31337_sample_2_model.cif,93.720535,0.95595,0.30874,0.0,0.19119
development,1LBU_A,1LBU,A,213,31337,3,1LBU_A_s31337_n3,stage3/candidate_generation/candidates/development/1LBU_A/seed_31337/1LBU_A_seed_31337_sample_3_model.cif,93.940201,0.956598,0.305771,0.0,0.19132
development,1LBU_A,1LBU,A,213,31337,4,1LBU_A_s31337_n4,stage3/candidate_generation/candidates/development/1LBU_A/seed_31337/1LBU_A_seed_31337_sample_4_model.cif,93.91774,0.956604,0.305865,0.0,0.191321
development,1LBU_A,1LBU,A,213,31337,5,1LBU_A_s31337_n5,stage3/candidate_generation/candidates/development/1LBU_A/seed_31337/1LBU_A_seed_31337_sample_5_model.cif,93.850975,0.956331,0.307,0.0,0.191266
development,1LBU_A,1LBU,A,213,42,1,1LBU_A_s42_n1,stage3/candidate_generation/candidates/development/1LBU_A/seed_42/1LBU_A_seed_42_sample_1_model.cif,94.361977,0.959101,0.299608,0.0,0.19182
development,1LBU_A,1LBU,A,213,42,2,1LBU_A_s42_n2,stage3/candidate_generation/candidates/development/1LBU_A/seed_42/1LBU_A_seed_42_sample_2_model.cif,94.375282,0.959126,0.299778,0.0,0.191825
development,1LBU_A,1LBU,A,213,42,3,1LBU_A_s42_n3,stage3/candidate_generation/candidates/development/1LBU_A/seed_42/1LBU_A_seed_42_sample_3_model.cif,94.390518,0.959304,0.299669,0.0,0.191861
development,1LBU_A,1LBU,A,213,42,4,1LBU_A_s42_n4,stage3/candidate_generation/candidates/development/1LBU_A/seed_42/1LBU_A_seed_42_sample_4_model.cif,94.355545,0.958922,0.300153,0.0,0.191784
development,1LBU_A,1LBU,A,213,42,5,1LBU_A_s42_n5,stage3/candidate_generation/candidates/development/1LBU_A/seed_42/1LBU_A_seed_42_sample_5_model.cif,94.329628,0.9591,0.300488,0.0,0.19182
development,1LBU_A,1LBU,A,213,7,1,1LBU_A_s7_n1,stage3/candidate_generation/candidates/development/1LBU_A/seed_7/1LBU_A_seed_7_sample_1_model.cif,94.172829,0.95857,0.303566,0.0,0.191714
development,1LBU_A,1LBU,A,213,7,2,1LBU_A_s7_n2,stage3/candidate_generation/candidates/development/1LBU_A/seed_7/1LBU_A_seed_7_sample_2_model.cif,94.132614,0.958266,0.30405,0.0,0.191653
development,1LBU_A,1LBU,A,213,7,3,1LBU_A_s7_n3,stage3/candidate_generation/candidates/development/1LBU_A/seed_7/1LBU_A_seed_7_sample_3_model.cif,94.057053,0.957754,0.305281,0.0,0.191551
development,1LBU_A,1LBU,A,213,7,4,1LBU_A_s7_n4,stage3/candidate_generation/candidates/development/1LBU_A/seed_7/1LBU_A_seed_7_sample_4_model.cif,94.079559,0.957882,0.305034,0.0,0.191576
development,1LBU_A,1LBU,A,213,7,5,1LBU_A_s7_n5,stage3/candidate_generation/candidates/development/1LBU_A/seed_7/1LBU_A_seed_7_sample_5_model.cif,94.110703,0.958187,0.304332,0.0,0.191637
development,1AYD_A,1AYD,A,101,123,1,1AYD_A_s123_n1,stage3/candidate_generation/candidates/development/1AYD_A/seed_123/1AYD_A_seed_123_sample_1_model.cif,90.484833,0.903516,0.344637,0.0,0.180703
development,1AYD_A,1AYD,A,101,123,2,1AYD_A_s123_n2,stage3/candidate_generation/candidates/development/1AYD_A/seed_123/1AYD_A_seed_123_sample_2_model.cif,90.47628,0.904184,0.344375,0.0,0.180837
development,1AYD_A,1AYD,A,101,123,3,1AYD_A_s123_n3,stage3/candidate_generation/candidates/development/1AYD_A/seed_123/1AYD_A_seed_123_sample_3_model.cif,90.544647,0.904296,0.344695,0.0,0.180859
development,1AYD_A,1AYD,A,101,123,4,1AYD_A_s123_n4,stage3/candidate_generation/candidates/development/1AYD_A/seed_123/1AYD_A_seed_123_sample_4_model.cif,90.562698,0.904689,0.343416,0.0,0.180938
development,1AYD_A,1AYD,A,101,123,5,1AYD_A_s123_n5,stage3/candidate_generation/candidates/development/1AYD_A/seed_123/1AYD_A_seed_123_sample_5_model.cif,90.465904,0.902891,0.345038,0.0,0.180578
development,1AYD_A,1AYD,A,101,2024,1,1AYD_A_s2024_n1,stage3/candidate_generation/candidates/development/1AYD_A/seed_2024/1AYD_A_seed_2024_sample_1_model.cif,90.215691,0.901924,0.348773,0.0,0.180385
development,1AYD_A,1AYD,A,101,2024,2,1AYD_A_s2024_n2,stage3/candidate_generation/candidates/development/1AYD_A/seed_2024/1AYD_A_seed_2024_sample_2_model.cif,90.576263,0.905585,0.343585,0.0,0.181117
development,1AYD_A,1AYD,A,101,2024,3,1AYD_A_s2024_n3,stage3/candidate_generation/candidates/development/1AYD_A/seed_2024/1AYD_A_seed_2024_sample_3_model.cif,90.532928,0.905182,0.343244,0.0,0.181037
development,1AYD_A,1AYD,A,101,2024,4,1AYD_A_s2024_n4,stage3/candidate_generation/candidates/development/1AYD_A/seed_2024/1AYD_A_seed_2024_sample_4_model.cif,90.482796,0.90445,0.34448,0.0,0.18089
development,1AYD_A,1AYD,A,101,2024,5,1AYD_A_s2024_n5,stage3/candidate_generation/candidates/development/1AYD_A/seed_2024/1AYD_A_seed_2024_sample_5_model.cif,90.364563,0.903185,0.347335,0.0,0.180637
development,1AYD_A,1AYD,A,101,31337,1,1AYD_A_s31337_n1,stage3/candidate_generation/candidates/development/1AYD_A/seed_31337/1AYD_A_seed_31337_sample_1_model.cif,90.66111,0.906216,0.341663,0.0,0.181243
development,1AYD_A,1AYD,A,101,31337,2,1AYD_A_s31337_n2,stage3/candidate_generation/candidates/development/1AYD_A/seed_31337/1AYD_A_seed_31337_sample_2_model.cif,90.63134,0.90506,0.342373,0.0,0.181012
development,1AYD_A,1AYD,A,101,31337,3,1AYD_A_s31337_n3,stage3/candidate_generation/candidates/development/1AYD_A/seed_31337/1AYD_A_seed_31337_sample_3_model.cif,90.360069,0.902411,0.347378,0.0,0.180482
development,1AYD_A,1AYD,A,101,31337,4,1AYD_A_s31337_n4,stage3/candidate_generation/candidates/development/1AYD_A/seed_31337/1AYD_A_seed_31337_sample_4_model.cif,90.606644,0.905155,0.343165,0.0,0.181031
development,1AYD_A,1AYD,A,101,31337,5,1AYD_A_s31337_n5,stage3/candidate_generation/candidates/development/1AYD_A/seed_31337/1AYD_A_seed_31337_sample_5_model.cif,90.743385,0.906818,0.341122,0.0,0.181364
development,1AYD_A,1AYD,A,101,42,1,1AYD_A_s42_n1,stage3/candidate_generation/candidates/development/1AYD_A/seed_42/1AYD_A_seed_42_sample_1_model.cif,90.492844,0.905529,0.344553,0.0,0.181106
development,1AYD_A,1AYD,A,101,42,2,1AYD_A_s42_n2,stage3/candidate_generation/candidates/development/1AYD_A/seed_42/1AYD_A_seed_42_sample_2_model.cif,90.381035,0.90401,0.34629,0.0,0.180802
development,1AYD_A,1AYD,A,101,42,3,1AYD_A_s42_n3,stage3/candidate_generation/candidates/development/1AYD_A/seed_42/1AYD_A_seed_42_sample_3_model.cif,90.433563,0.904702,0.345312,0.0,0.18094
development,1AYD_A,1AYD,A,101,42,4,1AYD_A_s42_n4,stage3/candidate_generation/candidates/development/1AYD_A/seed_42/1AYD_A_seed_42_sample_4_model.cif,90.482819,0.905043,0.344734,0.0,0.181009
development,1AYD_A,1AYD,A,101,42,5,1AYD_A_s42_n5,stage3/candidate_generation/candidates/development/1AYD_A/seed_42/1AYD_A_seed_42_sample_5_model.cif,90.462639,0.904412,0.346369,0.0,0.180882
development,1AYD_A,1AYD,A,101,7,1,1AYD_A_s7_n1,stage3/candidate_generation/candidates/development/1AYD_A/seed_7/1AYD_A_seed_7_sample_1_model.cif,90.38047,0.90302,0.347899,0.0,0.180604
development,1AYD_A,1AYD,A,101,7,2,1AYD_A_s7_n2,stage3/candidate_generation/candidates/development/1AYD_A/seed_7/1AYD_A_seed_7_sample_2_model.cif,90.447533,0.904123,0.345743,0.0,0.180825
development,1AYD_A,1AYD,A,101,7,3,1AYD_A_s7_n3,stage3/candidate_generation/candidates/development/1AYD_A/seed_7/1AYD_A_seed_7_sample_3_model.cif,90.437691,0.904741,0.346164,0.0,0.180948
development,1AYD_A,1AYD,A,101,7,4,1AYD_A_s7_n4,stage3/candidate_generation/candidates/development/1AYD_A/seed_7/1AYD_A_seed_7_sample_4_model.cif,90.486992,0.905015,0.345432,0.0,0.181003
development,1AYD_A,1AYD,A,101,7,5,1AYD_A_s7_n5,stage3/candidate_generation/candidates/development/1AYD_A/seed_7/1AYD_A_seed_7_sample_5_model.cif,90.29232,0.902373,0.347916,0.0,0.180475
development,6N4W_A,6N4W,A,316,123,1,6N4W_A_s123_n1,stage3/candidate_generation/candidates/development/6N4W_A/seed_123/6N4W_A_seed_123_sample_1_model.cif,95.741753,0.967852,0.280036,0.0,0.19357
development,6N4W_A,6N4W,A,316,123,2,6N4W_A_s123_n2,stage3/candidate_generation/candidates/development/6N4W_A/seed_123/6N4W_A_seed_123_sample_2_model.cif,95.698174,0.967375,0.281081,0.0,0.193475
development,6N4W_A,6N4W,A,316,123,3,6N4W_A_s123_n3,stage3/candidate_generation/candidates/development/6N4W_A/seed_123/6N4W_A_seed_123_sample_3_model.cif,95.719498,0.967665,0.280688,0.0,0.193533
development,6N4W_A,6N4W,A,316,123,4,6N4W_A_s123_n4,stage3/candidate_generation/candidates/development/6N4W_A/seed_123/6N4W_A_seed_123_sample_4_model.cif,95.730568,0.967567,0.280283,0.0,0.193513
development,6N4W_A,6N4W,A,316,123,5,6N4W_A_s123_n5,stage3/candidate_generation/candidates/development/6N4W_A/seed_123/6N4W_A_seed_123_sample_5_model.cif,95.731606,0.967583,0.280267,0.0,0.193517
development,6N4W_A,6N4W,A,316,2024,1,6N4W_A_s2024_n1,stage3/candidate_generation/candidates/development/6N4W_A/seed_2024/6N4W_A_seed_2024_sample_1_model.cif,95.638893,0.966811,0.282417,0.0,0.193362
development,6N4W_A,6N4W,A,316,2024,2,6N4W_A_s2024_n2,stage3/candidate_generation/candidates/development/6N4W_A/seed_2024/6N4W_A_seed_2024_sample_2_model.cif,95.600586,0.966384,0.283146,0.0,0.193277
development,6N4W_A,6N4W,A,316,2024,3,6N4W_A_s2024_n3,stage3/candidate_generation/candidates/development/6N4W_A/seed_2024/6N4W_A_seed_2024_sample_3_model.cif,95.62365,0.966636,0.282711,0.0,0.193327
development,6N4W_A,6N4W,A,316,2024,4,6N4W_A_s2024_n4,stage3/candidate_generation/candidates/development/6N4W_A/seed_2024/6N4W_A_seed_2024_sample_4_model.cif,95.630478,0.966639,0.28252,0.0,0.193328
development,6N4W_A,6N4W,A,316,2024,5,6N4W_A_s2024_n5,stage3/candidate_generation/candidates/development/6N4W_A/seed_2024/6N4W_A_seed_2024_sample_5_model.cif,95.622971,0.966571,0.28277,0.0,0.193314
development,6N4W_A,6N4W,A,316,31337,1,6N4W_A_s31337_n1,stage3/candidate_generation/candidates/development/6N4W_A/seed_31337/6N4W_A_seed_31337_sample_1_model.cif,95.668167,0.9674,0.280947,0.0,0.19348
development,6N4W_A,6N4W,A,316,31337,2,6N4W_A_s31337_n2,stage3/candidate_generation/candidates/development/6N4W_A/seed_31337/6N4W_A_seed_31337_sample_2_model.cif,95.654213,0.967297,0.281318,0.0,0.193459
development,6N4W_A,6N4W,A,316,31337,3,6N4W_A_s31337_n3,stage3/candidate_generation/candidates/development/6N4W_A/seed_31337/6N4W_A_seed_31337_sample_3_model.cif,95.643333,0.967237,0.281431,0.0,0.193447
development,6N4W_A,6N4W,A,316,31337,4,6N4W_A_s31337_n4,stage3/candidate_generation/candidates/development/6N4W_A/seed_31337/6N4W_A_seed_31337_sample_4_model.cif,95.662064,0.967481,0.280761,0.0,0.193496
development,6N4W_A,6N4W,A,316,31337,5,6N4W_A_s31337_n5,stage3/candidate_generation/candidates/development/6N4W_A/seed_31337/6N4W_A_seed_31337_sample_5_model.cif,95.668091,0.967312,0.281098,0.0,0.193462
development,6N4W_A,6N4W,A,316,42,1,6N4W_A_s42_n1,stage3/candidate_generation/candidates/development/6N4W_A/seed_42/6N4W_A_seed_42_sample_1_model.cif,95.582024,0.966914,0.282992,0.0,0.193383
development,6N4W_A,6N4W,A,316,42,2,6N4W_A_s42_n2,stage3/candidate_generation/candidates/development/6N4W_A/seed_42/6N4W_A_seed_42_sample_2_model.cif,95.622452,0.967258,0.282126,0.0,0.193452
development,6N4W_A,6N4W,A,316,42,3,6N4W_A_s42_n3,stage3/candidate_generation/candidates/development/6N4W_A/seed_42/6N4W_A_seed_42_sample_3_model.cif,95.586143,0.96688,0.282817,0.0,0.193376
development,6N4W_A,6N4W,A,316,42,4,6N4W_A_s42_n4,stage3/candidate_generation/candidates/development/6N4W_A/seed_42/6N4W_A_seed_42_sample_4_model.cif,95.572105,0.966998,0.283071,0.0,0.1934
development,6N4W_A,6N4W,A,316,42,5,6N4W_A_s42_n5,stage3/candidate_generation/candidates/development/6N4W_A/seed_42/6N4W_A_seed_42_sample_5_model.cif,95.588913,0.967068,0.282749,0.0,0.193414
development,6N4W_A,6N4W,A,316,7,1,6N4W_A_s7_n1,stage3/candidate_generation/candidates/development/6N4W_A/seed_7/6N4W_A_seed_7_sample_1_model.cif,95.659637,0.967255,0.281209,0.0,0.193451
development,6N4W_A,6N4W,A,316,7,2,6N4W_A_s7_n2,stage3/candidate_generation/candidates/development/6N4W_A/seed_7/6N4W_A_seed_7_sample_2_model.cif,95.646759,0.966956,0.281621,0.0,0.193391
development,6N4W_A,6N4W,A,316,7,3,6N4W_A_s7_n3,stage3/candidate_generation/candidates/development/6N4W_A/seed_7/6N4W_A_seed_7_sample_3_model.cif,95.649849,0.967028,0.281478,0.0,0.193406
development,6N4W_A,6N4W,A,316,7,4,6N4W_A_s7_n4,stage3/candidate_generation/candidates/development/6N4W_A/seed_7/6N4W_A_seed_7_sample_4_model.cif,95.631996,0.967127,0.28188,0.0,0.193425
development,6N4W_A,6N4W,A,316,7,5,6N4W_A_s7_n5,stage3/candidate_generation/candidates/development/6N4W_A/seed_7/6N4W_A_seed_7_sample_5_model.cif,95.623268,0.966999,0.281766,0.0,0.1934
development,1GCS_A,1GCS,A,174,123,1,1GCS_A_s123_n1,stage3/candidate_generation/candidates/development/1GCS_A/seed_123/1GCS_A_seed_123_sample_1_model.cif,92.086189,0.922108,0.322308,0.0,0.184422
development,1GCS_A,1GCS,A,174,123,2,1GCS_A_s123_n2,stage3/candidate_generation/candidates/development/1GCS_A/seed_123/1GCS_A_seed_123_sample_2_model.cif,92.220024,0.924689,0.320452,0.0,0.184938
development,1GCS_A,1GCS,A,174,123,3,1GCS_A_s123_n3,stage3/candidate_generation/candidates/development/1GCS_A/seed_123/1GCS_A_seed_123_sample_3_model.cif,92.139915,0.924375,0.32163,0.0,0.184875
development,1GCS_A,1GCS,A,174,123,4,1GCS_A_s123_n4,stage3/candidate_generation/candidates/development/1GCS_A/seed_123/1GCS_A_seed_123_sample_4_model.cif,92.163506,0.924793,0.320968,0.0,0.184959
development,1GCS_A,1GCS,A,174,123,5,1GCS_A_s123_n5,stage3/candidate_generation/candidates/development/1GCS_A/seed_123/1GCS_A_seed_123_sample_5_model.cif,92.21315,0.925773,0.320445,0.0,0.185155
development,1GCS_A,1GCS,A,174,2024,1,1GCS_A_s2024_n1,stage3/candidate_generation/candidates/development/1GCS_A/seed_2024/1GCS_A_seed_2024_sample_1_model.cif,92.251747,0.925648,0.319384,0.0,0.18513
development,1GCS_A,1GCS,A,174,2024,2,1GCS_A_s2024_n2,stage3/candidate_generation/candidates/development/1GCS_A/seed_2024/1GCS_A_seed_2024_sample_2_model.cif,92.326332,0.928529,0.317406,0.0,0.185706
development,1GCS_A,1GCS,A,174,2024,3,1GCS_A_s2024_n3,stage3/candidate_generation/candidates/development/1GCS_A/seed_2024/1GCS_A_seed_2024_sample_3_model.cif,92.24308,0.924896,0.318748,0.0,0.184979
development,1GCS_A,1GCS,A,174,2024,4,1GCS_A_s2024_n4,stage3/candidate_generation/candidates/development/1GCS_A/seed_2024/1GCS_A_seed_2024_sample_4_model.cif,92.14991,0.924413,0.321594,0.0,0.184883
development,1GCS_A,1GCS,A,174,2024,5,1GCS_A_s2024_n5,stage3/candidate_generation/candidates/development/1GCS_A/seed_2024/1GCS_A_seed_2024_sample_5_model.cif,92.311821,0.927041,0.318749,0.0,0.185408
development,1GCS_A,1GCS,A,174,31337,1,1GCS_A_s31337_n1,stage3/candidate_generation/candidates/development/1GCS_A/seed_31337/1GCS_A_seed_31337_sample_1_model.cif,91.890434,0.916797,0.321399,0.0,0.183359
development,1GCS_A,1GCS,A,174,31337,2,1GCS_A_s31337_n2,stage3/candidate_generation/candidates/development/1GCS_A/seed_31337/1GCS_A_seed_31337_sample_2_model.cif,91.963226,0.918888,0.320574,0.0,0.183778
development,1GCS_A,1GCS,A,174,31337,3,1GCS_A_s31337_n3,stage3/candidate_generation/candidates/development/1GCS_A/seed_31337/1GCS_A_seed_31337_sample_3_model.cif,92.005325,0.919094,0.319503,0.0,0.183819
development,1GCS_A,1GCS,A,174,31337,4,1GCS_A_s31337_n4,stage3/candidate_generation/candidates/development/1GCS_A/seed_31337/1GCS_A_seed_31337_sample_4_model.cif,92.073318,0.919553,0.319075,0.0,0.183911
development,1GCS_A,1GCS,A,174,31337,5,1GCS_A_s31337_n5,stage3/candidate_generation/candidates/development/1GCS_A/seed_31337/1GCS_A_seed_31337_sample_5_model.cif,92.007774,0.918346,0.319891,0.0,0.183669
development,1GCS_A,1GCS,A,174,42,1,1GCS_A_s42_n1,stage3/candidate_generation/candidates/development/1GCS_A/seed_42/1GCS_A_seed_42_sample_1_model.cif,92.090866,0.924093,0.323018,0.0,0.184819
development,1GCS_A,1GCS,A,174,42,2,1GCS_A_s42_n2,stage3/candidate_generation/candidates/development/1GCS_A/seed_42/1GCS_A_seed_42_sample_2_model.cif,92.131897,0.924578,0.322441,0.0,0.184916
development,1GCS_A,1GCS,A,174,42,3,1GCS_A_s42_n3,stage3/candidate_generation/candidates/development/1GCS_A/seed_42/1GCS_A_seed_42_sample_3_model.cif,92.124512,0.924538,0.322123,0.0,0.184908
development,1GCS_A,1GCS,A,174,42,4,1GCS_A_s42_n4,stage3/candidate_generation/candidates/development/1GCS_A/seed_42/1GCS_A_seed_42_sample_4_model.cif,92.122887,0.923676,0.322244,0.0,0.184735
development,1GCS_A,1GCS,A,174,42,5,1GCS_A_s42_n5,stage3/candidate_generation/candidates/development/1GCS_A/seed_42/1GCS_A_seed_42_sample_5_model.cif,92.072319,0.923236,0.323116,0.0,0.184647
development,1GCS_A,1GCS,A,174,7,1,1GCS_A_s7_n1,stage3/candidate_generation/candidates/development/1GCS_A/seed_7/1GCS_A_seed_7_sample_1_model.cif,92.134438,0.923086,0.320658,0.0,0.184617
development,1GCS_A,1GCS,A,174,7,2,1GCS_A_s7_n2,stage3/candidate_generation/candidates/development/1GCS_A/seed_7/1GCS_A_seed_7_sample_2_model.cif,91.963364,0.919788,0.322606,0.0,0.183958
development,1GCS_A,1GCS,A,174,7,3,1GCS_A_s7_n3,stage3/candidate_generation/candidates/development/1GCS_A/seed_7/1GCS_A_seed_7_sample_3_model.cif,92.205406,0.92349,0.319892,0.0,0.184698
development,1GCS_A,1GCS,A,174,7,4,1GCS_A_s7_n4,stage3/candidate_generation/candidates/development/1GCS_A/seed_7/1GCS_A_seed_7_sample_4_model.cif,92.175362,0.922862,0.320012,0.0,0.184572
development,1GCS_A,1GCS,A,174,7,5,1GCS_A_s7_n5,stage3/candidate_generation/candidates/development/1GCS_A/seed_7/1GCS_A_seed_7_sample_5_model.cif,92.168457,0.922964,0.319758,0.0,0.184593
development,1XVO_A,1XVO,A,224,123,1,1XVO_A_s123_n1,stage3/candidate_generation/candidates/development/1XVO_A/seed_123/1XVO_A_seed_123_sample_1_model.cif,95.440636,0.964482,0.300422,0.0,0.192896
development,1XVO_A,1XVO,A,224,123,2,1XVO_A_s123_n2,stage3/candidate_generation/candidates/development/1XVO_A/seed_123/1XVO_A_seed_123_sample_2_model.cif,95.432732,0.964449,0.300136,0.0,0.19289
development,1XVO_A,1XVO,A,224,123,3,1XVO_A_s123_n3,stage3/candidate_generation/candidates/development/1XVO_A/seed_123/1XVO_A_seed_123_sample_3_model.cif,95.43985,0.96448,0.300176,0.0,0.192896
development,1XVO_A,1XVO,A,224,123,4,1XVO_A_s123_n4,stage3/candidate_generation/candidates/development/1XVO_A/seed_123/1XVO_A_seed_123_sample_4_model.cif,95.446053,0.964472,0.300272,0.0,0.192894
development,1XVO_A,1XVO,A,224,123,5,1XVO_A_s123_n5,stage3/candidate_generation/candidates/development/1XVO_A/seed_123/1XVO_A_seed_123_sample_5_model.cif,95.446968,0.964487,0.299817,0.0,0.192897
development,1XVO_A,1XVO,A,224,2024,1,1XVO_A_s2024_n1,stage3/candidate_generation/candidates/development/1XVO_A/seed_2024/1XVO_A_seed_2024_sample_1_model.cif,95.454269,0.964568,0.299635,0.0,0.192914
development,1XVO_A,1XVO,A,224,2024,2,1XVO_A_s2024_n2,stage3/candidate_generation/candidates/development/1XVO_A/seed_2024/1XVO_A_seed_2024_sample_2_model.cif,95.458565,0.964574,0.299619,0.0,0.192915
development,1XVO_A,1XVO,A,224,2024,3,1XVO_A_s2024_n3,stage3/candidate_generation/candidates/development/1XVO_A/seed_2024/1XVO_A_seed_2024_sample_3_model.cif,95.450974,0.964585,0.299672,0.0,0.192917
development,1XVO_A,1XVO,A,224,2024,4,1XVO_A_s2024_n4,stage3/candidate_generation/candidates/development/1XVO_A/seed_2024/1XVO_A_seed_2024_sample_4_model.cif,95.442871,0.964466,0.299797,0.0,0.192893
development,1XVO_A,1XVO,A,224,2024,5,1XVO_A_s2024_n5,stage3/candidate_generation/candidates/development/1XVO_A/seed_2024/1XVO_A_seed_2024_sample_5_model.cif,95.426888,0.964435,0.300397,0.0,0.192887
development,1XVO_A,1XVO,A,224,31337,1,1XVO_A_s31337_n1,stage3/candidate_generation/candidates/development/1XVO_A/seed_31337/1XVO_A_seed_31337_sample_1_model.cif,95.547455,0.964794,0.297456,0.0,0.192959
development,1XVO_A,1XVO,A,224,31337,2,1XVO_A_s31337_n2,stage3/candidate_generation/candidates/development/1XVO_A/seed_31337/1XVO_A_seed_31337_sample_2_model.cif,95.545616,0.964588,0.297517,0.0,0.192918
development,1XVO_A,1XVO,A,224,31337,3,1XVO_A_s31337_n3,stage3/candidate_generation/candidates/development/1XVO_A/seed_31337/1XVO_A_seed_31337_sample_3_model.cif,95.5476,0.964749,0.297386,0.0,0.19295
development,1XVO_A,1XVO,A,224,31337,4,1XVO_A_s31337_n4,stage3/candidate_generation/candidates/development/1XVO_A/seed_31337/1XVO_A_seed_31337_sample_4_model.cif,95.544502,0.964581,0.297713,0.0,0.192916
development,1XVO_A,1XVO,A,224,31337,5,1XVO_A_s31337_n5,stage3/candidate_generation/candidates/development/1XVO_A/seed_31337/1XVO_A_seed_31337_sample_5_model.cif,95.53302,0.964495,0.297641,0.0,0.192899
development,1XVO_A,1XVO,A,224,42,1,1XVO_A_s42_n1,stage3/candidate_generation/candidates/development/1XVO_A/seed_42/1XVO_A_seed_42_sample_1_model.cif,95.647537,0.965489,0.296876,0.0,0.193098
development,1XVO_A,1XVO,A,224,42,2,1XVO_A_s42_n2,stage3/candidate_generation/candidates/development/1XVO_A/seed_42/1XVO_A_seed_42_sample_2_model.cif,95.667198,0.965668,0.296138,0.0,0.193134
development,1XVO_A,1XVO,A,224,42,3,1XVO_A_s42_n3,stage3/candidate_generation/candidates/development/1XVO_A/seed_42/1XVO_A_seed_42_sample_3_model.cif,95.675697,0.965747,0.295695,0.0,0.193149
development,1XVO_A,1XVO,A,224,42,4,1XVO_A_s42_n4,stage3/candidate_generation/candidates/development/1XVO_A/seed_42/1XVO_A_seed_42_sample_4_model.cif,95.648178,0.965525,0.296676,0.0,0.193105
development,1XVO_A,1XVO,A,224,42,5,1XVO_A_s42_n5,stage3/candidate_generation/candidates/development/1XVO_A/seed_42/1XVO_A_seed_42_sample_5_model.cif,95.669334,0.965655,0.29609,0.0,0.193131
development,1XVO_A,1XVO,A,224,7,1,1XVO_A_s7_n1,stage3/candidate_generation/candidates/development/1XVO_A/seed_7/1XVO_A_seed_7_sample_1_model.cif,95.545372,0.964889,0.2977,0.0,0.192978
development,1XVO_A,1XVO,A,224,7,2,1XVO_A_s7_n2,stage3/candidate_generation/candidates/development/1XVO_A/seed_7/1XVO_A_seed_7_sample_2_model.cif,95.547981,0.964918,0.297463,0.0,0.192984
development,1XVO_A,1XVO,A,224,7,3,1XVO_A_s7_n3,stage3/candidate_generation/candidates/development/1XVO_A/seed_7/1XVO_A_seed_7_sample_3_model.cif,95.54007,0.964826,0.297825,0.0,0.192965
development,1XVO_A,1XVO,A,224,7,4,1XVO_A_s7_n4,stage3/candidate_generation/candidates/development/1XVO_A/seed_7/1XVO_A_seed_7_sample_4_model.cif,95.517174,0.964786,0.298512,0.0,0.192957
development,1XVO_A,1XVO,A,224,7,5,1XVO_A_s7_n5,stage3/candidate_generation/candidates/development/1XVO_A/seed_7/1XVO_A_seed_7_sample_5_model.cif,95.503532,0.964522,0.299067,0.0,0.192904
development,2YWZ_A,2YWZ,A,111,123,1,2YWZ_A_s123_n1,stage3/candidate_generation/candidates/development/2YWZ_A/seed_123/2YWZ_A_seed_123_sample_1_model.cif,89.162025,0.889386,0.395171,0.0,0.177877
development,2YWZ_A,2YWZ,A,111,123,2,2YWZ_A_s123_n2,stage3/candidate_generation/candidates/development/2YWZ_A/seed_123/2YWZ_A_seed_123_sample_2_model.cif,88.872887,0.8871,0.400861,0.0,0.17742
development,2YWZ_A,2YWZ,A,111,123,3,2YWZ_A_s123_n3,stage3/candidate_generation/candidates/development/2YWZ_A/seed_123/2YWZ_A_seed_123_sample_3_model.cif,87.996689,0.876698,0.424148,0.0,0.17534
development,2YWZ_A,2YWZ,A,111,123,4,2YWZ_A_s123_n4,stage3/candidate_generation/candidates/development/2YWZ_A/seed_123/2YWZ_A_seed_123_sample_4_model.cif,89.180855,0.890156,0.393658,0.0,0.178031
development,2YWZ_A,2YWZ,A,111,123,5,2YWZ_A_s123_n5,stage3/candidate_generation/candidates/development/2YWZ_A/seed_123/2YWZ_A_seed_123_sample_5_model.cif,89.123848,0.889396,0.392829,0.0,0.177879
development,2YWZ_A,2YWZ,A,111,2024,1,2YWZ_A_s2024_n1,stage3/candidate_generation/candidates/development/2YWZ_A/seed_2024/2YWZ_A_seed_2024_sample_1_model.cif,87.677589,0.880968,0.433934,0.0,0.176194
development,2YWZ_A,2YWZ,A,111,2024,2,2YWZ_A_s2024_n2,stage3/candidate_generation/candidates/development/2YWZ_A/seed_2024/2YWZ_A_seed_2024_sample_2_model.cif,87.593384,0.880519,0.429236,0.0,0.176104
development,2YWZ_A,2YWZ,A,111,2024,3,2YWZ_A_s2024_n3,stage3/candidate_generation/candidates/development/2YWZ_A/seed_2024/2YWZ_A_seed_2024_sample_3_model.cif,87.111298,0.875183,0.44698,0.0,0.175037
development,2YWZ_A,2YWZ,A,111,2024,4,2YWZ_A_s2024_n4,stage3/candidate_generation/candidates/development/2YWZ_A/seed_2024/2YWZ_A_seed_2024_sample_4_model.cif,87.837151,0.88284,0.422855,0.0,0.176568
development,2YWZ_A,2YWZ,A,111,2024,5,2YWZ_A_s2024_n5,stage3/candidate_generation/candidates/development/2YWZ_A/seed_2024/2YWZ_A_seed_2024_sample_5_model.cif,87.654602,0.880621,0.432024,0.0,0.176124
development,2YWZ_A,2YWZ,A,111,31337,1,2YWZ_A_s31337_n1,stage3/candidate_generation/candidates/development/2YWZ_A/seed_31337/2YWZ_A_seed_31337_sample_1_model.cif,87.451729,0.878982,0.43564,0.0,0.175796
development,2YWZ_A,2YWZ,A,111,31337,2,2YWZ_A_s31337_n2,stage3/candidate_generation/candidates/development/2YWZ_A/seed_31337/2YWZ_A_seed_31337_sample_2_model.cif,87.581535,0.880481,0.433803,0.0,0.176096
development,2YWZ_A,2YWZ,A,111,31337,3,2YWZ_A_s31337_n3,stage3/candidate_generation/candidates/development/2YWZ_A/seed_31337/2YWZ_A_seed_31337_sample_3_model.cif,87.256409,0.877067,0.442606,0.0,0.175413
development,2YWZ_A,2YWZ,A,111,31337,4,2YWZ_A_s31337_n4,stage3/candidate_generation/candidates/development/2YWZ_A/seed_31337/2YWZ_A_seed_31337_sample_4_model.cif,87.527977,0.879099,0.435626,0.0,0.17582
development,2YWZ_A,2YWZ,A,111,31337,5,2YWZ_A_s31337_n5,stage3/candidate_generation/candidates/development/2YWZ_A/seed_31337/2YWZ_A_seed_31337_sample_5_model.cif,87.675438,0.881605,0.433778,0.0,0.176321
development,2YWZ_A,2YWZ,A,111,42,1,2YWZ_A_s42_n1,stage3/candidate_generation/candidates/development/2YWZ_A/seed_42/2YWZ_A_seed_42_sample_1_model.cif,89.106636,0.889296,0.397534,0.0,0.177859
development,2YWZ_A,2YWZ,A,111,42,2,2YWZ_A_s42_n2,stage3/candidate_generation/candidates/development/2YWZ_A/seed_42/2YWZ_A_seed_42_sample_2_model.cif,88.875496,0.886288,0.404473,0.0,0.177258
development,2YWZ_A,2YWZ,A,111,42,3,2YWZ_A_s42_n3,stage3/candidate_generation/candidates/development/2YWZ_A/seed_42/2YWZ_A_seed_42_sample_3_model.cif,89.218689,0.889271,0.395106,0.0,0.177854
development,2YWZ_A,2YWZ,A,111,42,4,2YWZ_A_s42_n4,stage3/candidate_generation/candidates/development/2YWZ_A/seed_42/2YWZ_A_seed_42_sample_4_model.cif,89.057739,0.888893,0.394731,0.0,0.177779
development,2YWZ_A,2YWZ,A,111,42,5,2YWZ_A_s42_n5,stage3/candidate_generation/candidates/development/2YWZ_A/seed_42/2YWZ_A_seed_42_sample_5_model.cif,88.943443,0.887285,0.402498,0.0,0.177457
development,2YWZ_A,2YWZ,A,111,7,1,2YWZ_A_s7_n1,stage3/candidate_generation/candidates/development/2YWZ_A/seed_7/2YWZ_A_seed_7_sample_1_model.cif,88.997627,0.886847,0.401037,0.0,0.177369
development,2YWZ_A,2YWZ,A,111,7,2,2YWZ_A_s7_n2,stage3/candidate_generation/candidates/development/2YWZ_A/seed_7/2YWZ_A_seed_7_sample_2_model.cif,89.083199,0.888405,0.39857,0.0,0.177681
development,2YWZ_A,2YWZ,A,111,7,3,2YWZ_A_s7_n3,stage3/candidate_generation/candidates/development/2YWZ_A/seed_7/2YWZ_A_seed_7_sample_3_model.cif,88.941948,0.887435,0.401501,0.0,0.177487
development,2YWZ_A,2YWZ,A,111,7,4,2YWZ_A_s7_n4,stage3/candidate_generation/candidates/development/2YWZ_A/seed_7/2YWZ_A_seed_7_sample_4_model.cif,89.163811,0.891904,0.394842,0.0,0.178381
development,2YWZ_A,2YWZ,A,111,7,5,2YWZ_A_s7_n5,stage3/candidate_generation/candidates/development/2YWZ_A/seed_7/2YWZ_A_seed_7_sample_5_model.cif,89.112427,0.888696,0.39886,0.0,0.177739
development,2ANP_A,2ANP,A,291,123,1,2ANP_A_s123_n1,stage3/candidate_generation/candidates/development/2ANP_A/seed_123/2ANP_A_seed_123_sample_1_model.cif,96.134743,0.976527,0.276909,0.0,0.195305
development,2ANP_A,2ANP,A,291,123,2,2ANP_A_s123_n2,stage3/candidate_generation/candidates/development/2ANP_A/seed_123/2ANP_A_seed_123_sample_2_model.cif,96.121521,0.976325,0.277108,0.0,0.195265
development,2ANP_A,2ANP,A,291,123,3,2ANP_A_s123_n3,stage3/candidate_generation/candidates/development/2ANP_A/seed_123/2ANP_A_seed_123_sample_3_model.cif,96.12281,0.976344,0.277042,0.0,0.195269
development,2ANP_A,2ANP,A,291,123,4,2ANP_A_s123_n4,stage3/candidate_generation/candidates/development/2ANP_A/seed_123/2ANP_A_seed_123_sample_4_model.cif,96.085808,0.97611,0.277722,0.0,0.195222
development,2ANP_A,2ANP,A,291,123,5,2ANP_A_s123_n5,stage3/candidate_generation/candidates/development/2ANP_A/seed_123/2ANP_A_seed_123_sample_5_model.cif,96.102676,0.976255,0.277406,0.0,0.195251
development,2ANP_A,2ANP,A,291,2024,1,2ANP_A_s2024_n1,stage3/candidate_generation/candidates/development/2ANP_A/seed_2024/2ANP_A_seed_2024_sample_1_model.cif,96.071365,0.976096,0.277219,0.0,0.195219
development,2ANP_A,2ANP,A,291,2024,2,2ANP_A_s2024_n2,stage3/candidate_generation/candidates/development/2ANP_A/seed_2024/2ANP_A_seed_2024_sample_2_model.cif,96.062752,0.976063,0.277369,0.0,0.195213
development,2ANP_A,2ANP,A,291,2024,3,2ANP_A_s2024_n3,stage3/candidate_generation/candidates/development/2ANP_A/seed_2024/2ANP_A_seed_2024_sample_3_model.cif,96.052902,0.975954,0.277585,0.0,0.195191
development,2ANP_A,2ANP,A,291,2024,4,2ANP_A_s2024_n4,stage3/candidate_generation/candidates/development/2ANP_A/seed_2024/2ANP_A_seed_2024_sample_4_model.cif,96.073822,0.976083,0.27717,0.0,0.195217
development,2ANP_A,2ANP,A,291,2024,5,2ANP_A_s2024_n5,stage3/candidate_generation/candidates/development/2ANP_A/seed_2024/2ANP_A_seed_2024_sample_5_model.cif,96.031387,0.97606,0.277699,0.0,0.195212
development,2ANP_A,2ANP,A,291,31337,1,2ANP_A_s31337_n1,stage3/candidate_generation/candidates/development/2ANP_A/seed_31337/2ANP_A_seed_31337_sample_1_model.cif,96.034218,0.975729,0.28014,0.0,0.195146
development,2ANP_A,2ANP,A,291,31337,2,2ANP_A_s31337_n2,stage3/candidate_generation/candidates/development/2ANP_A/seed_31337/2ANP_A_seed_31337_sample_2_model.cif,96.023788,0.975665,0.280179,0.0,0.195133
development,2ANP_A,2ANP,A,291,31337,3,2ANP_A_s31337_n3,stage3/candidate_generation/candidates/development/2ANP_A/seed_31337/2ANP_A_seed_31337_sample_3_model.cif,96.010399,0.975694,0.28038,0.0,0.195139
development,2ANP_A,2ANP,A,291,31337,4,2ANP_A_s31337_n4,stage3/candidate_generation/candidates/development/2ANP_A/seed_31337/2ANP_A_seed_31337_sample_4_model.cif,96.005814,0.975581,0.280562,0.0,0.195116
development,2ANP_A,2ANP,A,291,31337,5,2ANP_A_s31337_n5,stage3/candidate_generation/candidates/development/2ANP_A/seed_31337/2ANP_A_seed_31337_sample_5_model.cif,95.958229,0.975512,0.280934,0.0,0.195102
development,2ANP_A,2ANP,A,291,42,1,2ANP_A_s42_n1,stage3/candidate_generation/candidates/development/2ANP_A/seed_42/2ANP_A_seed_42_sample_1_model.cif,96.006149,0.975916,0.279268,0.0,0.195183
development,2ANP_A,2ANP,A,291,42,2,2ANP_A_s42_n2,stage3/candidate_generation/candidates/development/2ANP_A/seed_42/2ANP_A_seed_42_sample_2_model.cif,96.032784,0.976029,0.278928,0.0,0.195206
development,2ANP_A,2ANP,A,291,42,3,2ANP_A_s42_n3,stage3/candidate_generation/candidates/development/2ANP_A/seed_42/2ANP_A_seed_42_sample_3_model.cif,96.026588,0.976026,0.278809,0.0,0.195205
development,2ANP_A,2ANP,A,291,42,4,2ANP_A_s42_n4,stage3/candidate_generation/candidates/development/2ANP_A/seed_42/2ANP_A_seed_42_sample_4_model.cif,96.051666,0.976086,0.278624,0.0,0.195217
development,2ANP_A,2ANP,A,291,42,5,2ANP_A_s42_n5,stage3/candidate_generation/candidates/development/2ANP_A/seed_42/2ANP_A_seed_42_sample_5_model.cif,96.049934,0.976279,0.278335,0.0,0.195256
development,2ANP_A,2ANP,A,291,7,1,2ANP_A_s7_n1,stage3/candidate_generation/candidates/development/2ANP_A/seed_7/2ANP_A_seed_7_sample_1_model.cif,95.978966,0.975749,0.281338,0.0,0.19515
development,2ANP_A,2ANP,A,291,7,2,2ANP_A_s7_n2,stage3/candidate_generation/candidates/development/2ANP_A/seed_7/2ANP_A_seed_7_sample_2_model.cif,95.975197,0.975743,0.2813,0.0,0.195149
development,2ANP_A,2ANP,A,291,7,3,2ANP_A_s7_n3,stage3/candidate_generation/candidates/development/2ANP_A/seed_7/2ANP_A_seed_7_sample_3_model.cif,95.997704,0.975691,0.280835,0.0,0.195138
development,2ANP_A,2ANP,A,291,7,4,2ANP_A_s7_n4,stage3/candidate_generation/candidates/development/2ANP_A/seed_7/2ANP_A_seed_7_sample_4_model.cif,95.977852,0.975727,0.281303,0.0,0.195145
development,2ANP_A,2ANP,A,291,7,5,2ANP_A_s7_n5,stage3/candidate_generation/candidates/development/2ANP_A/seed_7/2ANP_A_seed_7_sample_5_model.cif,95.968414,0.975667,0.2814,0.0,0.195133
development,6OZE_A,6OZE,A,246,123,1,6OZE_A_s123_n1,stage3/candidate_generation/candidates/development/6OZE_A/seed_123/6OZE_A_seed_123_sample_1_model.cif,92.620834,0.947213,0.310749,0.0,0.189443
development,6OZE_A,6OZE,A,246,123,2,6OZE_A_s123_n2,stage3/candidate_generation/candidates/development/6OZE_A/seed_123/6OZE_A_seed_123_sample_2_model.cif,92.683517,0.947725,0.309503,0.0,0.189545
development,6OZE_A,6OZE,A,246,123,3,6OZE_A_s123_n3,stage3/candidate_generation/candidates/development/6OZE_A/seed_123/6OZE_A_seed_123_sample_3_model.cif,92.674278,0.947635,0.309765,0.0,0.189527
development,6OZE_A,6OZE,A,246,123,4,6OZE_A_s123_n4,stage3/candidate_generation/candidates/development/6OZE_A/seed_123/6OZE_A_seed_123_sample_4_model.cif,92.677216,0.947585,0.309741,0.0,0.189517
development,6OZE_A,6OZE,A,246,123,5,6OZE_A_s123_n5,stage3/candidate_generation/candidates/development/6OZE_A/seed_123/6OZE_A_seed_123_sample_5_model.cif,92.656998,0.947602,0.309933,0.0,0.18952
development,6OZE_A,6OZE,A,246,2024,1,6OZE_A_s2024_n1,stage3/candidate_generation/candidates/development/6OZE_A/seed_2024/6OZE_A_seed_2024_sample_1_model.cif,92.66774,0.948046,0.309989,0.0,0.189609
development,6OZE_A,6OZE,A,246,2024,2,6OZE_A_s2024_n2,stage3/candidate_generation/candidates/development/6OZE_A/seed_2024/6OZE_A_seed_2024_sample_2_model.cif,92.67231,0.948319,0.309819,0.0,0.189664
development,6OZE_A,6OZE,A,246,2024,3,6OZE_A_s2024_n3,stage3/candidate_generation/candidates/development/6OZE_A/seed_2024/6OZE_A_seed_2024_sample_3_model.cif,92.665741,0.948195,0.309659,0.0,0.189639
development,6OZE_A,6OZE,A,246,2024,4,6OZE_A_s2024_n4,stage3/candidate_generation/candidates/development/6OZE_A/seed_2024/6OZE_A_seed_2024_sample_4_model.cif,92.661804,0.948143,0.309835,0.0,0.189629
development,6OZE_A,6OZE,A,246,2024,5,6OZE_A_s2024_n5,stage3/candidate_generation/candidates/development/6OZE_A/seed_2024/6OZE_A_seed_2024_sample_5_model.cif,92.660751,0.948189,0.309616,0.0,0.189638
development,6OZE_A,6OZE,A,246,31337,1,6OZE_A_s31337_n1,stage3/candidate_generation/candidates/development/6OZE_A/seed_31337/6OZE_A_seed_31337_sample_1_model.cif,92.718323,0.948426,0.308641,0.0,0.189685
development,6OZE_A,6OZE,A,246,31337,2,6OZE_A_s31337_n2,stage3/candidate_generation/candidates/development/6OZE_A/seed_31337/6OZE_A_seed_31337_sample_2_model.cif,92.697807,0.948269,0.309256,0.0,0.189654
development,6OZE_A,6OZE,A,246,31337,3,6OZE_A_s31337_n3,stage3/candidate_generation/candidates/development/6OZE_A/seed_31337/6OZE_A_seed_31337_sample_3_model.cif,92.706047,0.948214,0.308744,0.0,0.189643
development,6OZE_A,6OZE,A,246,31337,4,6OZE_A_s31337_n4,stage3/candidate_generation/candidates/development/6OZE_A/seed_31337/6OZE_A_seed_31337_sample_4_model.cif,92.762062,0.948804,0.307905,0.0,0.189761
development,6OZE_A,6OZE,A,246,31337,5,6OZE_A_s31337_n5,stage3/candidate_generation/candidates/development/6OZE_A/seed_31337/6OZE_A_seed_31337_sample_5_model.cif,92.752121,0.948851,0.308309,0.0,0.18977
development,6OZE_A,6OZE,A,246,42,1,6OZE_A_s42_n1,stage3/candidate_generation/candidates/development/6OZE_A/seed_42/6OZE_A_seed_42_sample_1_model.cif,92.685989,0.948401,0.308634,0.0,0.18968
development,6OZE_A,6OZE,A,246,42,2,6OZE_A_s42_n2,stage3/candidate_generation/candidates/development/6OZE_A/seed_42/6OZE_A_seed_42_sample_2_model.cif,92.723007,0.948726,0.307903,0.0,0.189745
development,6OZE_A,6OZE,A,246,42,3,6OZE_A_s42_n3,stage3/candidate_generation/candidates/development/6OZE_A/seed_42/6OZE_A_seed_42_sample_3_model.cif,92.691566,0.94847,0.308577,0.0,0.189694
development,6OZE_A,6OZE,A,246,42,4,6OZE_A_s42_n4,stage3/candidate_generation/candidates/development/6OZE_A/seed_42/6OZE_A_seed_42_sample_4_model.cif,92.680214,0.948329,0.308524,0.0,0.189666
development,6OZE_A,6OZE,A,246,42,5,6OZE_A_s42_n5,stage3/candidate_generation/candidates/development/6OZE_A/seed_42/6OZE_A_seed_42_sample_5_model.cif,92.684517,0.948292,0.308403,0.0,0.189658
development,6OZE_A,6OZE,A,246,7,1,6OZE_A_s7_n1,stage3/candidate_generation/candidates/development/6OZE_A/seed_7/6OZE_A_seed_7_sample_1_model.cif,92.842354,0.948851,0.307598,0.0,0.18977
development,6OZE_A,6OZE,A,246,7,2,6OZE_A_s7_n2,stage3/candidate_generation/candidates/development/6OZE_A/seed_7/6OZE_A_seed_7_sample_2_model.cif,92.848877,0.94875,0.307006,0.0,0.18975
development,6OZE_A,6OZE,A,246,7,3,6OZE_A_s7_n3,stage3/candidate_generation/candidates/development/6OZE_A/seed_7/6OZE_A_seed_7_sample_3_model.cif,92.844627,0.948766,0.307456,0.0,0.189753
development,6OZE_A,6OZE,A,246,7,4,6OZE_A_s7_n4,stage3/candidate_generation/candidates/development/6OZE_A/seed_7/6OZE_A_seed_7_sample_4_model.cif,92.845123,0.94881,0.307608,0.0,0.189762
development,6OZE_A,6OZE,A,246,7,5,6OZE_A_s7_n5,stage3/candidate_generation/candidates/development/6OZE_A/seed_7/6OZE_A_seed_7_sample_5_model.cif,92.831657,0.948766,0.307505,0.0,0.189753
development,3DGT_A,3DGT,A,280,123,1,3DGT_A_s123_n1,stage3/candidate_generation/candidates/development/3DGT_A/seed_123/3DGT_A_seed_123_sample_1_model.cif,95.543297,0.963809,0.290706,0.0,0.192762
development,3DGT_A,3DGT,A,280,123,2,3DGT_A_s123_n2,stage3/candidate_generation/candidates/development/3DGT_A/seed_123/3DGT_A_seed_123_sample_2_model.cif,95.547951,0.963897,0.290401,0.0,0.192779
development,3DGT_A,3DGT,A,280,123,3,3DGT_A_s123_n3,stage3/candidate_generation/candidates/development/3DGT_A/seed_123/3DGT_A_seed_123_sample_3_model.cif,95.525574,0.963619,0.291023,0.0,0.192724
development,3DGT_A,3DGT,A,280,123,4,3DGT_A_s123_n4,stage3/candidate_generation/candidates/development/3DGT_A/seed_123/3DGT_A_seed_123_sample_4_model.cif,95.560036,0.964262,0.290364,0.0,0.192852
development,3DGT_A,3DGT,A,280,123,5,3DGT_A_s123_n5,stage3/candidate_generation/candidates/development/3DGT_A/seed_123/3DGT_A_seed_123_sample_5_model.cif,95.534988,0.963771,0.290747,0.0,0.192754
development,3DGT_A,3DGT,A,280,2024,1,3DGT_A_s2024_n1,stage3/candidate_generation/candidates/development/3DGT_A/seed_2024/3DGT_A_seed_2024_sample_1_model.cif,95.507896,0.963246,0.291298,0.0,0.192649
development,3DGT_A,3DGT,A,280,2024,2,3DGT_A_s2024_n2,stage3/candidate_generation/candidates/development/3DGT_A/seed_2024/3DGT_A_seed_2024_sample_2_model.cif,95.475868,0.962979,0.291755,0.0,0.192596
development,3DGT_A,3DGT,A,280,2024,3,3DGT_A_s2024_n3,stage3/candidate_generation/candidates/development/3DGT_A/seed_2024/3DGT_A_seed_2024_sample_3_model.cif,95.481934,0.963011,0.291719,0.0,0.192602
development,3DGT_A,3DGT,A,280,2024,4,3DGT_A_s2024_n4,stage3/candidate_generation/candidates/development/3DGT_A/seed_2024/3DGT_A_seed_2024_sample_4_model.cif,95.456734,0.962715,0.292124,0.0,0.192543
development,3DGT_A,3DGT,A,280,2024,5,3DGT_A_s2024_n5,stage3/candidate_generation/candidates/development/3DGT_A/seed_2024/3DGT_A_seed_2024_sample_5_model.cif,95.485657,0.963061,0.29154,0.0,0.192612
development,3DGT_A,3DGT,A,280,31337,1,3DGT_A_s31337_n1,stage3/candidate_generation/candidates/development/3DGT_A/seed_31337/3DGT_A_seed_31337_sample_1_model.cif,95.517334,0.963463,0.291805,0.0,0.192693
development,3DGT_A,3DGT,A,280,31337,2,3DGT_A_s31337_n2,stage3/candidate_generation/candidates/development/3DGT_A/seed_31337/3DGT_A_seed_31337_sample_2_model.cif,95.507378,0.963218,0.292248,0.0,0.192644
development,3DGT_A,3DGT,A,280,31337,3,3DGT_A_s31337_n3,stage3/candidate_generation/candidates/development/3DGT_A/seed_31337/3DGT_A_seed_31337_sample_3_model.cif,95.522858,0.963431,0.291718,0.0,0.192686
development,3DGT_A,3DGT,A,280,31337,4,3DGT_A_s31337_n4,stage3/candidate_generation/candidates/development/3DGT_A/seed_31337/3DGT_A_seed_31337_sample_4_model.cif,95.491936,0.963227,0.292353,0.0,0.192645
development,3DGT_A,3DGT,A,280,31337,5,3DGT_A_s31337_n5,stage3/candidate_generation/candidates/development/3DGT_A/seed_31337/3DGT_A_seed_31337_sample_5_model.cif,95.500786,0.963194,0.292077,0.0,0.192639
development,3DGT_A,3DGT,A,280,42,1,3DGT_A_s42_n1,stage3/candidate_generation/candidates/development/3DGT_A/seed_42/3DGT_A_seed_42_sample_1_model.cif,95.674423,0.964357,0.288958,0.0,0.192871
development,3DGT_A,3DGT,A,280,42,2,3DGT_A_s42_n2,stage3/candidate_generation/candidates/development/3DGT_A/seed_42/3DGT_A_seed_42_sample_2_model.cif,95.668182,0.964384,0.289097,0.0,0.192877
development,3DGT_A,3DGT,A,280,42,3,3DGT_A_s42_n3,stage3/candidate_generation/candidates/development/3DGT_A/seed_42/3DGT_A_seed_42_sample_3_model.cif,95.650612,0.964141,0.289392,0.0,0.192828
development,3DGT_A,3DGT,A,280,42,4,3DGT_A_s42_n4,stage3/candidate_generation/candidates/development/3DGT_A/seed_42/3DGT_A_seed_42_sample_4_model.cif,95.656471,0.964205,0.289304,0.0,0.192841
development,3DGT_A,3DGT,A,280,42,5,3DGT_A_s42_n5,stage3/candidate_generation/candidates/development/3DGT_A/seed_42/3DGT_A_seed_42_sample_5_model.cif,95.667702,0.964362,0.288997,0.0,0.192872
development,3DGT_A,3DGT,A,280,7,1,3DGT_A_s7_n1,stage3/candidate_generation/candidates/development/3DGT_A/seed_7/3DGT_A_seed_7_sample_1_model.cif,95.499687,0.963429,0.291061,0.0,0.192686
development,3DGT_A,3DGT,A,280,7,2,3DGT_A_s7_n2,stage3/candidate_generation/candidates/development/3DGT_A/seed_7/3DGT_A_seed_7_sample_2_model.cif,95.47258,0.963122,0.291542,0.0,0.192624
development,3DGT_A,3DGT,A,280,7,3,3DGT_A_s7_n3,stage3/candidate_generation/candidates/development/3DGT_A/seed_7/3DGT_A_seed_7_sample_3_model.cif,95.504272,0.963504,0.29099,0.0,0.192701
development,3DGT_A,3DGT,A,280,7,4,3DGT_A_s7_n4,stage3/candidate_generation/candidates/development/3DGT_A/seed_7/3DGT_A_seed_7_sample_4_model.cif,95.495735,0.963308,0.291056,0.0,0.192662
development,3DGT_A,3DGT,A,280,7,5,3DGT_A_s7_n5,stage3/candidate_generation/candidates/development/3DGT_A/seed_7/3DGT_A_seed_7_sample_5_model.cif,95.475426,0.963232,0.291467,0.0,0.192646
development,1RDD_A,1RDD,A,155,123,1,1RDD_A_s123_n1,stage3/candidate_generation/candidates/development/1RDD_A/seed_123/1RDD_A_seed_123_sample_1_model.cif,91.973831,0.947381,0.297333,0.0,0.189476
development,1RDD_A,1RDD,A,155,123,2,1RDD_A_s123_n2,stage3/candidate_generation/candidates/development/1RDD_A/seed_123/1RDD_A_seed_123_sample_2_model.cif,92.020432,0.947451,0.296606,0.0,0.18949
development,1RDD_A,1RDD,A,155,123,3,1RDD_A_s123_n3,stage3/candidate_generation/candidates/development/1RDD_A/seed_123/1RDD_A_seed_123_sample_3_model.cif,91.866257,0.946351,0.29841,0.0,0.18927
development,1RDD_A,1RDD,A,155,123,4,1RDD_A_s123_n4,stage3/candidate_generation/candidates/development/1RDD_A/seed_123/1RDD_A_seed_123_sample_4_model.cif,91.650269,0.944926,0.30025,0.0,0.188985
development,1RDD_A,1RDD,A,155,123,5,1RDD_A_s123_n5,stage3/candidate_generation/candidates/development/1RDD_A/seed_123/1RDD_A_seed_123_sample_5_model.cif,91.925514,0.946546,0.297532,0.0,0.189309
development,1RDD_A,1RDD,A,155,2024,1,1RDD_A_s2024_n1,stage3/candidate_generation/candidates/development/1RDD_A/seed_2024/1RDD_A_seed_2024_sample_1_model.cif,92.028046,0.947791,0.295536,0.0,0.189558
development,1RDD_A,1RDD,A,155,2024,2,1RDD_A_s2024_n2,stage3/candidate_generation/candidates/development/1RDD_A/seed_2024/1RDD_A_seed_2024_sample_2_model.cif,92.069511,0.948209,0.295275,0.0,0.189642
development,1RDD_A,1RDD,A,155,2024,3,1RDD_A_s2024_n3,stage3/candidate_generation/candidates/development/1RDD_A/seed_2024/1RDD_A_seed_2024_sample_3_model.cif,92.054466,0.947901,0.295424,0.0,0.18958
development,1RDD_A,1RDD,A,155,2024,4,1RDD_A_s2024_n4,stage3/candidate_generation/candidates/development/1RDD_A/seed_2024/1RDD_A_seed_2024_sample_4_model.cif,91.529877,0.944936,0.301924,0.0,0.188987
development,1RDD_A,1RDD,A,155,2024,5,1RDD_A_s2024_n5,stage3/candidate_generation/candidates/development/1RDD_A/seed_2024/1RDD_A_seed_2024_sample_5_model.cif,92.049995,0.947834,0.295444,0.0,0.189567
development,1RDD_A,1RDD,A,155,31337,1,1RDD_A_s31337_n1,stage3/candidate_generation/candidates/development/1RDD_A/seed_31337/1RDD_A_seed_31337_sample_1_model.cif,92.33889,0.9498,0.292952,0.0,0.18996
development,1RDD_A,1RDD,A,155,31337,2,1RDD_A_s31337_n2,stage3/candidate_generation/candidates/development/1RDD_A/seed_31337/1RDD_A_seed_31337_sample_2_model.cif,92.286255,0.949559,0.293588,0.0,0.189912
development,1RDD_A,1RDD,A,155,31337,3,1RDD_A_s31337_n3,stage3/candidate_generation/candidates/development/1RDD_A/seed_31337/1RDD_A_seed_31337_sample_3_model.cif,92.313751,0.94968,0.293289,0.0,0.189936
development,1RDD_A,1RDD,A,155,31337,4,1RDD_A_s31337_n4,stage3/candidate_generation/candidates/development/1RDD_A/seed_31337/1RDD_A_seed_31337_sample_4_model.cif,92.324387,0.949827,0.292918,0.0,0.189965
development,1RDD_A,1RDD,A,155,31337,5,1RDD_A_s31337_n5,stage3/candidate_generation/candidates/development/1RDD_A/seed_31337/1RDD_A_seed_31337_sample_5_model.cif,92.251556,0.949023,0.293817,0.0,0.189805
development,1RDD_A,1RDD,A,155,42,1,1RDD_A_s42_n1,stage3/candidate_generation/candidates/development/1RDD_A/seed_42/1RDD_A_seed_42_sample_1_model.cif,92.142036,0.948984,0.294594,0.0,0.189797
development,1RDD_A,1RDD,A,155,42,2,1RDD_A_s42_n2,stage3/candidate_generation/candidates/development/1RDD_A/seed_42/1RDD_A_seed_42_sample_2_model.cif,91.724319,0.946158,0.299314,0.0,0.189232
development,1RDD_A,1RDD,A,155,42,3,1RDD_A_s42_n3,stage3/candidate_generation/candidates/development/1RDD_A/seed_42/1RDD_A_seed_42_sample_3_model.cif,92.140457,0.948916,0.294558,0.0,0.189783
development,1RDD_A,1RDD,A,155,42,4,1RDD_A_s42_n4,stage3/candidate_generation/candidates/development/1RDD_A/seed_42/1RDD_A_seed_42_sample_4_model.cif,91.775291,0.946436,0.298581,0.0,0.189287
development,1RDD_A,1RDD,A,155,42,5,1RDD_A_s42_n5,stage3/candidate_generation/candidates/development/1RDD_A/seed_42/1RDD_A_seed_42_sample_5_model.cif,92.11824,0.948936,0.29502,0.0,0.189787
development,1RDD_A,1RDD,A,155,7,1,1RDD_A_s7_n1,stage3/candidate_generation/candidates/development/1RDD_A/seed_7/1RDD_A_seed_7_sample_1_model.cif,92.004204,0.947351,0.296892,0.0,0.18947
development,1RDD_A,1RDD,A,155,7,2,1RDD_A_s7_n2,stage3/candidate_generation/candidates/development/1RDD_A/seed_7/1RDD_A_seed_7_sample_2_model.cif,91.999794,0.947324,0.296728,0.0,0.189465
development,1RDD_A,1RDD,A,155,7,3,1RDD_A_s7_n3,stage3/candidate_generation/candidates/development/1RDD_A/seed_7/1RDD_A_seed_7_sample_3_model.cif,91.995628,0.947352,0.29706,0.0,0.18947
development,1RDD_A,1RDD,A,155,7,4,1RDD_A_s7_n4,stage3/candidate_generation/candidates/development/1RDD_A/seed_7/1RDD_A_seed_7_sample_4_model.cif,91.942909,0.946797,0.297414,0.0,0.189359
development,1RDD_A,1RDD,A,155,7,5,1RDD_A_s7_n5,stage3/candidate_generation/candidates/development/1RDD_A/seed_7/1RDD_A_seed_7_sample_5_model.cif,91.959862,0.947162,0.297263,0.0,0.189432
development,5R55_A,5R55,A,304,123,1,5R55_A_s123_n1,stage3/candidate_generation/candidates/development/5R55_A/seed_123/5R55_A_seed_123_sample_1_model.cif,87.06678,0.892172,0.414785,0.0,0.198171
development,5R55_A,5R55,A,304,123,2,5R55_A_s123_n2,stage3/candidate_generation/candidates/development/5R55_A/seed_123/5R55_A_seed_123_sample_2_model.cif,87.166222,0.894446,0.415256,0.0,0.193692
development,5R55_A,5R55,A,304,123,3,5R55_A_s123_n3,stage3/candidate_generation/candidates/development/5R55_A/seed_123/5R55_A_seed_123_sample_3_model.cif,86.968834,0.890606,0.417263,0.0,0.197858
development,5R55_A,5R55,A,304,123,4,5R55_A_s123_n4,stage3/candidate_generation/candidates/development/5R55_A/seed_123/5R55_A_seed_123_sample_4_model.cif,87.075508,0.891326,0.414457,0.0,0.198002
development,5R55_A,5R55,A,304,123,5,5R55_A_s123_n5,stage3/candidate_generation/candidates/development/5R55_A/seed_123/5R55_A_seed_123_sample_5_model.cif,87.01178,0.891178,0.41558,0.0,0.197972
development,5R55_A,5R55,A,304,2024,1,5R55_A_s2024_n1,stage3/candidate_generation/candidates/development/5R55_A/seed_2024/5R55_A_seed_2024_sample_1_model.cif,87.032364,0.891939,0.410139,0.0,0.199769
development,5R55_A,5R55,A,304,2024,2,5R55_A_s2024_n2,stage3/candidate_generation/candidates/development/5R55_A/seed_2024/5R55_A_seed_2024_sample_2_model.cif,87.200508,0.89492,0.409526,0.0,0.197076
development,5R55_A,5R55,A,304,2024,3,5R55_A_s2024_n3,stage3/candidate_generation/candidates/development/5R55_A/seed_2024/5R55_A_seed_2024_sample_3_model.cif,87.056175,0.891735,0.410961,0.0,0.198084
development,5R55_A,5R55,A,304,2024,4,5R55_A_s2024_n4,stage3/candidate_generation/candidates/development/5R55_A/seed_2024/5R55_A_seed_2024_sample_4_model.cif,87.283615,0.895876,0.408554,0.0,0.189044
development,5R55_A,5R55,A,304,2024,5,5R55_A_s2024_n5,stage3/candidate_generation/candidates/development/5R55_A/seed_2024/5R55_A_seed_2024_sample_5_model.cif,86.921738,0.889806,0.412202,0.0,0.197698
development,5R55_A,5R55,A,304,31337,1,5R55_A_s31337_n1,stage3/candidate_generation/candidates/development/5R55_A/seed_31337/5R55_A_seed_31337_sample_1_model.cif,86.99572,0.892132,0.415239,0.0,0.196519
development,5R55_A,5R55,A,304,31337,2,5R55_A_s31337_n2,stage3/candidate_generation/candidates/development/5R55_A/seed_31337/5R55_A_seed_31337_sample_2_model.cif,86.866753,0.890635,0.415907,0.0,0.197864
development,5R55_A,5R55,A,304,31337,3,5R55_A_s31337_n3,stage3/candidate_generation/candidates/development/5R55_A/seed_31337/5R55_A_seed_31337_sample_3_model.cif,86.791046,0.888122,0.4179,0.0,0.199006
development,5R55_A,5R55,A,304,31337,4,5R55_A_s31337_n4,stage3/candidate_generation/candidates/development/5R55_A/seed_31337/5R55_A_seed_31337_sample_4_model.cif,86.700821,0.885015,0.424265,0.0,0.198385
development,5R55_A,5R55,A,304,31337,5,5R55_A_s31337_n5,stage3/candidate_generation/candidates/development/5R55_A/seed_31337/5R55_A_seed_31337_sample_5_model.cif,86.842949,0.889229,0.417135,0.0,0.197583
development,5R55_A,5R55,A,304,42,1,5R55_A_s42_n1,stage3/candidate_generation/candidates/development/5R55_A/seed_42/5R55_A_seed_42_sample_1_model.cif,87.205879,0.891383,0.409478,0.0,0.198013
development,5R55_A,5R55,A,304,42,2,5R55_A_s42_n2,stage3/candidate_generation/candidates/development/5R55_A/seed_42/5R55_A_seed_42_sample_2_model.cif,87.032852,0.88958,0.413564,0.0,0.199298
development,5R55_A,5R55,A,304,42,3,5R55_A_s42_n3,stage3/candidate_generation/candidates/development/5R55_A/seed_42/5R55_A_seed_42_sample_3_model.cif,87.114769,0.887113,0.418677,0.0,0.198804
development,5R55_A,5R55,A,304,42,4,5R55_A_s42_n4,stage3/candidate_generation/candidates/development/5R55_A/seed_42/5R55_A_seed_42_sample_4_model.cif,87.194969,0.891624,0.411488,0.0,0.198062
development,5R55_A,5R55,A,304,42,5,5R55_A_s42_n5,stage3/candidate_generation/candidates/development/5R55_A/seed_42/5R55_A_seed_42_sample_5_model.cif,87.124107,0.887573,0.414843,0.0,0.198896
development,5R55_A,5R55,A,304,7,1,5R55_A_s7_n1,stage3/candidate_generation/candidates/development/5R55_A/seed_7/5R55_A_seed_7_sample_1_model.cif,87.104149,0.890774,0.41214,0.0,0.199536
development,5R55_A,5R55,A,304,7,2,5R55_A_s7_n2,stage3/candidate_generation/candidates/development/5R55_A/seed_7/5R55_A_seed_7_sample_2_model.cif,87.196663,0.891669,0.411394,0.0,0.199715
development,5R55_A,5R55,A,304,7,3,5R55_A_s7_n3,stage3/candidate_generation/candidates/development/5R55_A/seed_7/5R55_A_seed_7_sample_3_model.cif,87.145576,0.890877,0.410128,0.0,0.199557
development,5R55_A,5R55,A,304,7,4,5R55_A_s7_n4,stage3/candidate_generation/candidates/development/5R55_A/seed_7/5R55_A_seed_7_sample_4_model.cif,87.215782,0.892312,0.409396,0.0,0.198199
development,5R55_A,5R55,A,304,7,5,5R55_A_s7_n5,stage3/candidate_generation/candidates/development/5R55_A/seed_7/5R55_A_seed_7_sample_5_model.cif,87.36499,0.894334,0.407411,0.0,0.196959
development,3V68_A,3V68,A,252,123,1,3V68_A_s123_n1,stage3/candidate_generation/candidates/development/3V68_A/seed_123/3V68_A_seed_123_sample_1_model.cif,91.59726,0.94976,0.298353,0.0,0.189952
development,3V68_A,3V68,A,252,123,2,3V68_A_s123_n2,stage3/candidate_generation/candidates/development/3V68_A/seed_123/3V68_A_seed_123_sample_2_model.cif,91.579597,0.949689,0.298656,0.0,0.189938
development,3V68_A,3V68,A,252,123,3,3V68_A_s123_n3,stage3/candidate_generation/candidates/development/3V68_A/seed_123/3V68_A_seed_123_sample_3_model.cif,91.62162,0.949928,0.298085,0.0,0.189986
development,3V68_A,3V68,A,252,123,4,3V68_A_s123_n4,stage3/candidate_generation/candidates/development/3V68_A/seed_123/3V68_A_seed_123_sample_4_model.cif,91.553688,0.94968,0.298858,0.0,0.189936
development,3V68_A,3V68,A,252,123,5,3V68_A_s123_n5,stage3/candidate_generation/candidates/development/3V68_A/seed_123/3V68_A_seed_123_sample_5_model.cif,91.61026,0.949802,0.298158,0.0,0.18996
development,3V68_A,3V68,A,252,2024,1,3V68_A_s2024_n1,stage3/candidate_generation/candidates/development/3V68_A/seed_2024/3V68_A_seed_2024_sample_1_model.cif,91.56955,0.949745,0.298987,0.0,0.189949
development,3V68_A,3V68,A,252,2024,2,3V68_A_s2024_n2,stage3/candidate_generation/candidates/development/3V68_A/seed_2024/3V68_A_seed_2024_sample_2_model.cif,91.537422,0.949477,0.299363,0.0,0.189895
development,3V68_A,3V68,A,252,2024,3,3V68_A_s2024_n3,stage3/candidate_generation/candidates/development/3V68_A/seed_2024/3V68_A_seed_2024_sample_3_model.cif,91.563461,0.949809,0.298911,0.0,0.189962
development,3V68_A,3V68,A,252,2024,4,3V68_A_s2024_n4,stage3/candidate_generation/candidates/development/3V68_A/seed_2024/3V68_A_seed_2024_sample_4_model.cif,91.597061,0.949982,0.298496,0.0,0.189996
development,3V68_A,3V68,A,252,2024,5,3V68_A_s2024_n5,stage3/candidate_generation/candidates/development/3V68_A/seed_2024/3V68_A_seed_2024_sample_5_model.cif,91.589203,0.949936,0.298654,0.0,0.189987
development,3V68_A,3V68,A,252,31337,1,3V68_A_s31337_n1,stage3/candidate_generation/candidates/development/3V68_A/seed_31337/3V68_A_seed_31337_sample_1_model.cif,91.487373,0.949263,0.299496,0.0,0.189853
development,3V68_A,3V68,A,252,31337,2,3V68_A_s31337_n2,stage3/candidate_generation/candidates/development/3V68_A/seed_31337/3V68_A_seed_31337_sample_2_model.cif,91.426384,0.948746,0.30074,0.0,0.189749
development,3V68_A,3V68,A,252,31337,3,3V68_A_s31337_n3,stage3/candidate_generation/candidates/development/3V68_A/seed_31337/3V68_A_seed_31337_sample_3_model.cif,91.452499,0.948864,0.300421,0.0,0.189773
development,3V68_A,3V68,A,252,31337,4,3V68_A_s31337_n4,stage3/candidate_generation/candidates/development/3V68_A/seed_31337/3V68_A_seed_31337_sample_4_model.cif,91.448082,0.948784,0.300346,0.0,0.189757
development,3V68_A,3V68,A,252,31337,5,3V68_A_s31337_n5,stage3/candidate_generation/candidates/development/3V68_A/seed_31337/3V68_A_seed_31337_sample_5_model.cif,91.437965,0.948635,0.30042,0.0,0.189727
development,3V68_A,3V68,A,252,42,1,3V68_A_s42_n1,stage3/candidate_generation/candidates/development/3V68_A/seed_42/3V68_A_seed_42_sample_1_model.cif,91.601814,0.949874,0.298023,0.0,0.189975
development,3V68_A,3V68,A,252,42,2,3V68_A_s42_n2,stage3/candidate_generation/candidates/development/3V68_A/seed_42/3V68_A_seed_42_sample_2_model.cif,91.590958,0.949808,0.298116,0.0,0.189962
development,3V68_A,3V68,A,252,42,3,3V68_A_s42_n3,stage3/candidate_generation/candidates/development/3V68_A/seed_42/3V68_A_seed_42_sample_3_model.cif,91.608505,0.94988,0.29803,0.0,0.189976
development,3V68_A,3V68,A,252,42,4,3V68_A_s42_n4,stage3/candidate_generation/candidates/development/3V68_A/seed_42/3V68_A_seed_42_sample_4_model.cif,91.579765,0.949639,0.298284,0.0,0.189928
development,3V68_A,3V68,A,252,42,5,3V68_A_s42_n5,stage3/candidate_generation/candidates/development/3V68_A/seed_42/3V68_A_seed_42_sample_5_model.cif,91.618301,0.950031,0.298023,0.0,0.190006
development,3V68_A,3V68,A,252,7,1,3V68_A_s7_n1,stage3/candidate_generation/candidates/development/3V68_A/seed_7/3V68_A_seed_7_sample_1_model.cif,91.48027,0.949293,0.299913,0.0,0.189859
development,3V68_A,3V68,A,252,7,2,3V68_A_s7_n2,stage3/candidate_generation/candidates/development/3V68_A/seed_7/3V68_A_seed_7_sample_2_model.cif,91.441864,0.948991,0.300547,0.0,0.189798
development,3V68_A,3V68,A,252,7,3,3V68_A_s7_n3,stage3/candidate_generation/candidates/development/3V68_A/seed_7/3V68_A_seed_7_sample_3_model.cif,91.487762,0.949525,0.299717,0.0,0.189905
development,3V68_A,3V68,A,252,7,4,3V68_A_s7_n4,stage3/candidate_generation/candidates/development/3V68_A/seed_7/3V68_A_seed_7_sample_4_model.cif,91.469261,0.949023,0.300343,0.0,0.189805
development,3V68_A,3V68,A,252,7,5,3V68_A_s7_n5,stage3/candidate_generation/candidates/development/3V68_A/seed_7/3V68_A_seed_7_sample_5_model.cif,91.439804,0.948944,0.300652,0.0,0.189789
development,6MKX_A,6MKX,A,238,123,1,6MKX_A_s123_n1,stage3/candidate_generation/candidates/development/6MKX_A/seed_123/6MKX_A_seed_123_sample_1_model.cif,90.373108,0.775181,0.388158,0.0,0.155036
development,6MKX_A,6MKX,A,238,123,2,6MKX_A_s123_n2,stage3/candidate_generation/candidates/development/6MKX_A/seed_123/6MKX_A_seed_123_sample_2_model.cif,91.762093,0.830394,0.345791,0.0,0.166079
development,6MKX_A,6MKX,A,238,123,3,6MKX_A_s123_n3,stage3/candidate_generation/candidates/development/6MKX_A/seed_123/6MKX_A_seed_123_sample_3_model.cif,91.563675,0.816602,0.354379,0.0,0.16332
development,6MKX_A,6MKX,A,238,123,4,6MKX_A_s123_n4,stage3/candidate_generation/candidates/development/6MKX_A/seed_123/6MKX_A_seed_123_sample_4_model.cif,91.651749,0.822666,0.351049,0.0,0.164533
development,6MKX_A,6MKX,A,238,123,5,6MKX_A_s123_n5,stage3/candidate_generation/candidates/development/6MKX_A/seed_123/6MKX_A_seed_123_sample_5_model.cif,90.393593,0.759513,0.404702,0.0,0.151903
development,6MKX_A,6MKX,A,238,2024,1,6MKX_A_s2024_n1,stage3/candidate_generation/candidates/development/6MKX_A/seed_2024/6MKX_A_seed_2024_sample_1_model.cif,91.837433,0.839871,0.343237,0.0,0.167974
development,6MKX_A,6MKX,A,238,2024,2,6MKX_A_s2024_n2,stage3/candidate_generation/candidates/development/6MKX_A/seed_2024/6MKX_A_seed_2024_sample_2_model.cif,91.846504,0.8415,0.342587,0.0,0.1683
development,6MKX_A,6MKX,A,238,2024,3,6MKX_A_s2024_n3,stage3/candidate_generation/candidates/development/6MKX_A/seed_2024/6MKX_A_seed_2024_sample_3_model.cif,91.874084,0.842172,0.342984,0.0,0.168434
development,6MKX_A,6MKX,A,238,2024,4,6MKX_A_s2024_n4,stage3/candidate_generation/candidates/development/6MKX_A/seed_2024/6MKX_A_seed_2024_sample_4_model.cif,91.847069,0.839331,0.343937,0.0,0.167866
development,6MKX_A,6MKX,A,238,2024,5,6MKX_A_s2024_n5,stage3/candidate_generation/candidates/development/6MKX_A/seed_2024/6MKX_A_seed_2024_sample_5_model.cif,91.899063,0.842652,0.342157,0.0,0.16853
development,6MKX_A,6MKX,A,238,31337,1,6MKX_A_s31337_n1,stage3/candidate_generation/candidates/development/6MKX_A/seed_31337/6MKX_A_seed_31337_sample_1_model.cif,91.623436,0.82572,0.346297,0.0,0.165144
development,6MKX_A,6MKX,A,238,31337,2,6MKX_A_s31337_n2,stage3/candidate_generation/candidates/development/6MKX_A/seed_31337/6MKX_A_seed_31337_sample_2_model.cif,91.662048,0.828322,0.344772,0.0,0.165664
development,6MKX_A,6MKX,A,238,31337,3,6MKX_A_s31337_n3,stage3/candidate_generation/candidates/development/6MKX_A/seed_31337/6MKX_A_seed_31337_sample_3_model.cif,91.640602,0.825183,0.346169,0.0,0.165037
development,6MKX_A,6MKX,A,238,31337,4,6MKX_A_s31337_n4,stage3/candidate_generation/candidates/development/6MKX_A/seed_31337/6MKX_A_seed_31337_sample_4_model.cif,91.694649,0.82826,0.344335,0.0,0.165652
development,6MKX_A,6MKX,A,238,31337,5,6MKX_A_s31337_n5,stage3/candidate_generation/candidates/development/6MKX_A/seed_31337/6MKX_A_seed_31337_sample_5_model.cif,91.704758,0.830061,0.343433,0.0,0.166012
development,6MKX_A,6MKX,A,238,42,1,6MKX_A_s42_n1,stage3/candidate_generation/candidates/development/6MKX_A/seed_42/6MKX_A_seed_42_sample_1_model.cif,91.722374,0.821858,0.345719,0.0,0.164372
development,6MKX_A,6MKX,A,238,42,2,6MKX_A_s42_n2,stage3/candidate_generation/candidates/development/6MKX_A/seed_42/6MKX_A_seed_42_sample_2_model.cif,91.672951,0.817484,0.348145,0.0,0.163497
development,6MKX_A,6MKX,A,238,42,3,6MKX_A_s42_n3,stage3/candidate_generation/candidates/development/6MKX_A/seed_42/6MKX_A_seed_42_sample_3_model.cif,91.632751,0.812638,0.3503,0.0,0.162528
development,6MKX_A,6MKX,A,238,42,4,6MKX_A_s42_n4,stage3/candidate_generation/candidates/development/6MKX_A/seed_42/6MKX_A_seed_42_sample_4_model.cif,91.703339,0.821604,0.345946,0.0,0.164321
development,6MKX_A,6MKX,A,238,42,5,6MKX_A_s42_n5,stage3/candidate_generation/candidates/development/6MKX_A/seed_42/6MKX_A_seed_42_sample_5_model.cif,91.699112,0.822098,0.345451,0.0,0.16442
development,6MKX_A,6MKX,A,238,7,1,6MKX_A_s7_n1,stage3/candidate_generation/candidates/development/6MKX_A/seed_7/6MKX_A_seed_7_sample_1_model.cif,91.782745,0.830854,0.346664,0.0,0.166171
development,6MKX_A,6MKX,A,238,7,2,6MKX_A_s7_n2,stage3/candidate_generation/candidates/development/6MKX_A/seed_7/6MKX_A_seed_7_sample_2_model.cif,91.864616,0.838688,0.342656,0.0,0.167738
development,6MKX_A,6MKX,A,238,7,3,6MKX_A_s7_n3,stage3/candidate_generation/candidates/development/6MKX_A/seed_7/6MKX_A_seed_7_sample_3_model.cif,91.836487,0.835424,0.343574,0.0,0.167085
development,6MKX_A,6MKX,A,238,7,4,6MKX_A_s7_n4,stage3/candidate_generation/candidates/development/6MKX_A/seed_7/6MKX_A_seed_7_sample_4_model.cif,90.440559,0.76021,0.404403,0.0,0.152042
development,6MKX_A,6MKX,A,238,7,5,6MKX_A_s7_n5,stage3/candidate_generation/candidates/development/6MKX_A/seed_7/6MKX_A_seed_7_sample_5_model.cif,91.69957,0.830248,0.347894,0.0,0.16605
development,2O6W_A,2O6W,A,150,123,1,2O6W_A_s123_n1,stage3/candidate_generation/candidates/development/2O6W_A/seed_123/2O6W_A_seed_123_sample_1_model.cif,79.66301,0.783215,0.669397,0.0,0.17331
development,2O6W_A,2O6W,A,150,123,2,2O6W_A_s123_n2,stage3/candidate_generation/candidates/development/2O6W_A/seed_123/2O6W_A_seed_123_sample_2_model.cif,79.730125,0.782455,0.671435,0.0,0.193158
development,2O6W_A,2O6W,A,150,123,3,2O6W_A_s123_n3,stage3/candidate_generation/candidates/development/2O6W_A/seed_123/2O6W_A_seed_123_sample_3_model.cif,79.704292,0.783158,0.668266,0.0,0.206632
development,2O6W_A,2O6W,A,150,123,4,2O6W_A_s123_n4,stage3/candidate_generation/candidates/development/2O6W_A/seed_123/2O6W_A_seed_123_sample_4_model.cif,79.631981,0.783198,0.661889,0.0,0.179973
development,2O6W_A,2O6W,A,150,123,5,2O6W_A_s123_n5,stage3/candidate_generation/candidates/development/2O6W_A/seed_123/2O6W_A_seed_123_sample_5_model.cif,78.848106,0.773952,0.70473,0.0,0.19479
development,2O6W_A,2O6W,A,150,2024,1,2O6W_A_s2024_n1,stage3/candidate_generation/candidates/development/2O6W_A/seed_2024/2O6W_A_seed_2024_sample_1_model.cif,80.794754,0.797828,0.610845,0.0,0.196232
development,2O6W_A,2O6W,A,150,2024,2,2O6W_A_s2024_n2,stage3/candidate_generation/candidates/development/2O6W_A/seed_2024/2O6W_A_seed_2024_sample_2_model.cif,80.732246,0.796531,0.613373,0.0,0.20264
development,2O6W_A,2O6W,A,150,2024,3,2O6W_A_s2024_n3,stage3/candidate_generation/candidates/development/2O6W_A/seed_2024/2O6W_A_seed_2024_sample_3_model.cif,81.310707,0.803459,0.596873,0.0,0.210692
development,2O6W_A,2O6W,A,150,2024,4,2O6W_A_s2024_n4,stage3/candidate_generation/candidates/development/2O6W_A/seed_2024/2O6W_A_seed_2024_sample_4_model.cif,80.832428,0.79912,0.596886,0.0,0.206491
development,2O6W_A,2O6W,A,150,2024,5,2O6W_A_s2024_n5,stage3/candidate_generation/candidates/development/2O6W_A/seed_2024/2O6W_A_seed_2024_sample_5_model.cif,81.051994,0.801219,0.598534,0.0,0.19691
development,2O6W_A,2O6W,A,150,31337,1,2O6W_A_s31337_n1,stage3/candidate_generation/candidates/development/2O6W_A/seed_31337/2O6W_A_seed_31337_sample_1_model.cif,80.284668,0.794254,0.622907,0.0,0.202184
development,2O6W_A,2O6W,A,150,31337,2,2O6W_A_s31337_n2,stage3/candidate_generation/candidates/development/2O6W_A/seed_31337/2O6W_A_seed_31337_sample_2_model.cif,79.953667,0.788885,0.638319,0.0,0.20111
development,2O6W_A,2O6W,A,150,31337,3,2O6W_A_s31337_n3,stage3/candidate_generation/candidates/development/2O6W_A/seed_31337/2O6W_A_seed_31337_sample_3_model.cif,80.138008,0.791181,0.633024,0.0,0.218236
development,2O6W_A,2O6W,A,150,31337,4,2O6W_A_s31337_n4,stage3/candidate_generation/candidates/development/2O6W_A/seed_31337/2O6W_A_seed_31337_sample_4_model.cif,79.969826,0.79059,0.635039,0.0,0.208118
development,2O6W_A,2O6W,A,150,31337,5,2O6W_A_s31337_n5,stage3/candidate_generation/candidates/development/2O6W_A/seed_31337/2O6W_A_seed_31337_sample_5_model.cif,80.297256,0.79415,0.619845,0.0,0.15883
development,2O6W_A,2O6W,A,150,42,1,2O6W_A_s42_n1,stage3/candidate_generation/candidates/development/2O6W_A/seed_42/2O6W_A_seed_42_sample_1_model.cif,80.274681,0.780129,0.667046,0.0,0.209359
development,2O6W_A,2O6W,A,150,42,2,2O6W_A_s42_n2,stage3/candidate_generation/candidates/development/2O6W_A/seed_42/2O6W_A_seed_42_sample_2_model.cif,79.767502,0.776242,0.68224,0.0,0.205248
development,2O6W_A,2O6W,A,150,42,3,2O6W_A_s42_n3,stage3/candidate_generation/candidates/development/2O6W_A/seed_42/2O6W_A_seed_42_sample_3_model.cif,80.417572,0.78349,0.658049,0.0,0.196698
development,2O6W_A,2O6W,A,150,42,4,2O6W_A_s42_n4,stage3/candidate_generation/candidates/development/2O6W_A/seed_42/2O6W_A_seed_42_sample_4_model.cif,80.361649,0.784011,0.6537,0.0,0.190135
development,2O6W_A,2O6W,A,150,42,5,2O6W_A_s42_n5,stage3/candidate_generation/candidates/development/2O6W_A/seed_42/2O6W_A_seed_42_sample_5_model.cif,80.981918,0.792203,0.624651,0.0,0.188441
development,2O6W_A,2O6W,A,150,7,1,2O6W_A_s7_n1,stage3/candidate_generation/candidates/development/2O6W_A/seed_7/2O6W_A_seed_7_sample_1_model.cif,80.422173,0.792312,0.611417,0.0,0.195129
development,2O6W_A,2O6W,A,150,7,2,2O6W_A_s7_n2,stage3/candidate_generation/candidates/development/2O6W_A/seed_7/2O6W_A_seed_7_sample_2_model.cif,80.483528,0.793642,0.609208,0.0,0.202062
development,2O6W_A,2O6W,A,150,7,3,2O6W_A_s7_n3,stage3/candidate_generation/candidates/development/2O6W_A/seed_7/2O6W_A_seed_7_sample_3_model.cif,80.43792,0.791191,0.618106,0.0,0.218238
development,2O6W_A,2O6W,A,150,7,4,2O6W_A_s7_n4,stage3/candidate_generation/candidates/development/2O6W_A/seed_7/2O6W_A_seed_7_sample_4_model.cif,80.492714,0.789819,0.61822,0.0,0.207964
development,2O6W_A,2O6W,A,150,7,5,2O6W_A_s7_n5,stage3/candidate_generation/candidates/development/2O6W_A/seed_7/2O6W_A_seed_7_sample_5_model.cif,80.21476,0.787899,0.629111,0.0,0.204246
development,4H4J_A,4H4J,A,240,123,1,4H4J_A_s123_n1,stage3/candidate_generation/candidates/development/4H4J_A/seed_123/4H4J_A_seed_123_sample_1_model.cif,94.030586,0.958774,0.290785,0.0,0.191755
development,4H4J_A,4H4J,A,240,123,2,4H4J_A_s123_n2,stage3/candidate_generation/candidates/development/4H4J_A/seed_123/4H4J_A_seed_123_sample_2_model.cif,94.020302,0.958718,0.290901,0.0,0.191744
development,4H4J_A,4H4J,A,240,123,3,4H4J_A_s123_n3,stage3/candidate_generation/candidates/development/4H4J_A/seed_123/4H4J_A_seed_123_sample_3_model.cif,94.011871,0.958564,0.291346,0.0,0.191713
development,4H4J_A,4H4J,A,240,123,4,4H4J_A_s123_n4,stage3/candidate_generation/candidates/development/4H4J_A/seed_123/4H4J_A_seed_123_sample_4_model.cif,94.00518,0.958365,0.291176,0.0,0.191673
development,4H4J_A,4H4J,A,240,123,5,4H4J_A_s123_n5,stage3/candidate_generation/candidates/development/4H4J_A/seed_123/4H4J_A_seed_123_sample_5_model.cif,94.047195,0.958948,0.290465,0.0,0.19179
development,4H4J_A,4H4J,A,240,2024,1,4H4J_A_s2024_n1,stage3/candidate_generation/candidates/development/4H4J_A/seed_2024/4H4J_A_seed_2024_sample_1_model.cif,93.916252,0.957966,0.293591,0.0,0.191593
development,4H4J_A,4H4J,A,240,2024,2,4H4J_A_s2024_n2,stage3/candidate_generation/candidates/development/4H4J_A/seed_2024/4H4J_A_seed_2024_sample_2_model.cif,93.957184,0.958365,0.292843,0.0,0.191673
development,4H4J_A,4H4J,A,240,2024,3,4H4J_A_s2024_n3,stage3/candidate_generation/candidates/development/4H4J_A/seed_2024/4H4J_A_seed_2024_sample_3_model.cif,93.934883,0.958207,0.292976,0.0,0.191641
development,4H4J_A,4H4J,A,240,2024,4,4H4J_A_s2024_n4,stage3/candidate_generation/candidates/development/4H4J_A/seed_2024/4H4J_A_seed_2024_sample_4_model.cif,93.952713,0.958371,0.292669,0.0,0.191674
development,4H4J_A,4H4J,A,240,2024,5,4H4J_A_s2024_n5,stage3/candidate_generation/candidates/development/4H4J_A/seed_2024/4H4J_A_seed_2024_sample_5_model.cif,93.950607,0.958295,0.292909,0.0,0.191659
development,4H4J_A,4H4J,A,240,31337,1,4H4J_A_s31337_n1,stage3/candidate_generation/candidates/development/4H4J_A/seed_31337/4H4J_A_seed_31337_sample_1_model.cif,93.924217,0.958467,0.292395,0.0,0.191693
development,4H4J_A,4H4J,A,240,31337,2,4H4J_A_s31337_n2,stage3/candidate_generation/candidates/development/4H4J_A/seed_31337/4H4J_A_seed_31337_sample_2_model.cif,93.958435,0.958599,0.292002,0.0,0.19172
development,4H4J_A,4H4J,A,240,31337,3,4H4J_A_s31337_n3,stage3/candidate_generation/candidates/development/4H4J_A/seed_31337/4H4J_A_seed_31337_sample_3_model.cif,93.928429,0.95851,0.292512,0.0,0.191702
development,4H4J_A,4H4J,A,240,31337,4,4H4J_A_s31337_n4,stage3/candidate_generation/candidates/development/4H4J_A/seed_31337/4H4J_A_seed_31337_sample_4_model.cif,93.928444,0.958467,0.292199,0.0,0.191693
development,4H4J_A,4H4J,A,240,31337,5,4H4J_A_s31337_n5,stage3/candidate_generation/candidates/development/4H4J_A/seed_31337/4H4J_A_seed_31337_sample_5_model.cif,93.910744,0.958291,0.292785,0.0,0.191658
development,4H4J_A,4H4J,A,240,42,1,4H4J_A_s42_n1,stage3/candidate_generation/candidates/development/4H4J_A/seed_42/4H4J_A_seed_42_sample_1_model.cif,93.901207,0.958472,0.29172,0.0,0.191694
development,4H4J_A,4H4J,A,240,42,2,4H4J_A_s42_n2,stage3/candidate_generation/candidates/development/4H4J_A/seed_42/4H4J_A_seed_42_sample_2_model.cif,93.883873,0.95819,0.292114,0.0,0.191638
development,4H4J_A,4H4J,A,240,42,3,4H4J_A_s42_n3,stage3/candidate_generation/candidates/development/4H4J_A/seed_42/4H4J_A_seed_42_sample_3_model.cif,93.90712,0.958655,0.29156,0.0,0.191731
development,4H4J_A,4H4J,A,240,42,4,4H4J_A_s42_n4,stage3/candidate_generation/candidates/development/4H4J_A/seed_42/4H4J_A_seed_42_sample_4_model.cif,93.879723,0.958318,0.292049,0.0,0.191664
development,4H4J_A,4H4J,A,240,42,5,4H4J_A_s42_n5,stage3/candidate_generation/candidates/development/4H4J_A/seed_42/4H4J_A_seed_42_sample_5_model.cif,93.891808,0.958451,0.291894,0.0,0.19169
development,4H4J_A,4H4J,A,240,7,1,4H4J_A_s7_n1,stage3/candidate_generation/candidates/development/4H4J_A/seed_7/4H4J_A_seed_7_sample_1_model.cif,93.69458,0.956909,0.296126,0.0,0.191382
development,4H4J_A,4H4J,A,240,7,2,4H4J_A_s7_n2,stage3/candidate_generation/candidates/development/4H4J_A/seed_7/4H4J_A_seed_7_sample_2_model.cif,93.709015,0.957029,0.295819,0.0,0.191406
development,4H4J_A,4H4J,A,240,7,3,4H4J_A_s7_n3,stage3/candidate_generation/candidates/development/4H4J_A/seed_7/4H4J_A_seed_7_sample_3_model.cif,93.704887,0.956819,0.295951,0.0,0.191364
development,4H4J_A,4H4J,A,240,7,4,4H4J_A_s7_n4,stage3/candidate_generation/candidates/development/4H4J_A/seed_7/4H4J_A_seed_7_sample_4_model.cif,93.722092,0.957279,0.295472,0.0,0.191456
development,4H4J_A,4H4J,A,240,7,5,4H4J_A_s7_n5,stage3/candidate_generation/candidates/development/4H4J_A/seed_7/4H4J_A_seed_7_sample_5_model.cif,93.723724,0.957235,0.295624,0.0,0.191447
development,1WNH_A,1WNH,A,225,123,1,1WNH_A_s123_n1,stage3/candidate_generation/candidates/development/1WNH_A/seed_123/1WNH_A_seed_123_sample_1_model.cif,90.02803,0.92464,0.350019,0.0,0.189372
development,1WNH_A,1WNH,A,225,123,2,1WNH_A_s123_n2,stage3/candidate_generation/candidates/development/1WNH_A/seed_123/1WNH_A_seed_123_sample_2_model.cif,89.996437,0.924985,0.34993,0.0,0.189441
development,1WNH_A,1WNH,A,225,123,3,1WNH_A_s123_n3,stage3/candidate_generation/candidates/development/1WNH_A/seed_123/1WNH_A_seed_123_sample_3_model.cif,89.963882,0.924281,0.350094,0.0,0.195967
development,1WNH_A,1WNH,A,225,123,4,1WNH_A_s123_n4,stage3/candidate_generation/candidates/development/1WNH_A/seed_123/1WNH_A_seed_123_sample_4_model.cif,89.915039,0.923964,0.351609,0.0,0.189237
development,1WNH_A,1WNH,A,225,123,5,1WNH_A_s123_n5,stage3/candidate_generation/candidates/development/1WNH_A/seed_123/1WNH_A_seed_123_sample_5_model.cif,89.963623,0.924889,0.350542,0.0,0.198311
development,1WNH_A,1WNH,A,225,2024,1,1WNH_A_s2024_n1,stage3/candidate_generation/candidates/development/1WNH_A/seed_2024/1WNH_A_seed_2024_sample_1_model.cif,90.094162,0.925799,0.348439,0.0,0.191826
development,1WNH_A,1WNH,A,225,2024,2,1WNH_A_s2024_n2,stage3/candidate_generation/candidates/development/1WNH_A/seed_2024/1WNH_A_seed_2024_sample_2_model.cif,90.073212,0.926101,0.347983,0.0,0.196331
development,1WNH_A,1WNH,A,225,2024,3,1WNH_A_s2024_n3,stage3/candidate_generation/candidates/development/1WNH_A/seed_2024/1WNH_A_seed_2024_sample_3_model.cif,90.096428,0.926068,0.348895,0.0,0.187436
development,1WNH_A,1WNH,A,225,2024,4,1WNH_A_s2024_n4,stage3/candidate_generation/candidates/development/1WNH_A/seed_2024/1WNH_A_seed_2024_sample_4_model.cif,90.097855,0.925725,0.348467,0.0,0.196256
development,1WNH_A,1WNH,A,225,2024,5,1WNH_A_s2024_n5,stage3/candidate_generation/candidates/development/1WNH_A/seed_2024/1WNH_A_seed_2024_sample_5_model.cif,90.090279,0.92616,0.348491,0.0,0.187454
development,1WNH_A,1WNH,A,225,31337,1,1WNH_A_s31337_n1,stage3/candidate_generation/candidates/development/1WNH_A/seed_31337/1WNH_A_seed_31337_sample_1_model.cif,89.938423,0.924282,0.350524,0.0,0.193745
development,1WNH_A,1WNH,A,225,31337,2,1WNH_A_s31337_n2,stage3/candidate_generation/candidates/development/1WNH_A/seed_31337/1WNH_A_seed_31337_sample_2_model.cif,89.991882,0.924801,0.349174,0.0,0.189405
development,1WNH_A,1WNH,A,225,31337,3,1WNH_A_s31337_n3,stage3/candidate_generation/candidates/development/1WNH_A/seed_31337/1WNH_A_seed_31337_sample_3_model.cif,89.919571,0.925143,0.350211,0.0,0.189473
development,1WNH_A,1WNH,A,225,31337,4,1WNH_A_s31337_n4,stage3/candidate_generation/candidates/development/1WNH_A/seed_31337/1WNH_A_seed_31337_sample_4_model.cif,89.966461,0.924504,0.350797,0.0,0.196012
development,1WNH_A,1WNH,A,225,31337,5,1WNH_A_s31337_n5,stage3/candidate_generation/candidates/development/1WNH_A/seed_31337/1WNH_A_seed_31337_sample_5_model.cif,89.735161,0.9236,0.353583,0.0,0.189165
development,1WNH_A,1WNH,A,225,42,1,1WNH_A_s42_n1,stage3/candidate_generation/candidates/development/1WNH_A/seed_42/1WNH_A_seed_42_sample_1_model.cif,89.798615,0.923806,0.353603,0.0,0.189206
development,1WNH_A,1WNH,A,225,42,2,1WNH_A_s42_n2,stage3/candidate_generation/candidates/development/1WNH_A/seed_42/1WNH_A_seed_42_sample_2_model.cif,89.903976,0.924365,0.352289,0.0,0.202651
development,1WNH_A,1WNH,A,225,42,3,1WNH_A_s42_n3,stage3/candidate_generation/candidates/development/1WNH_A/seed_42/1WNH_A_seed_42_sample_3_model.cif,90.013474,0.925572,0.349466,0.0,0.189559
development,1WNH_A,1WNH,A,225,42,4,1WNH_A_s42_n4,stage3/candidate_generation/candidates/development/1WNH_A/seed_42/1WNH_A_seed_42_sample_4_model.cif,90.061478,0.926241,0.348692,0.0,0.189693
development,1WNH_A,1WNH,A,225,42,5,1WNH_A_s42_n5,stage3/candidate_generation/candidates/development/1WNH_A/seed_42/1WNH_A_seed_42_sample_5_model.cif,89.981697,0.924848,0.349502,0.0,0.189414
development,1WNH_A,1WNH,A,225,7,1,1WNH_A_s7_n1,stage3/candidate_generation/candidates/development/1WNH_A/seed_7/1WNH_A_seed_7_sample_1_model.cif,89.837128,0.923461,0.352703,0.0,0.189137
development,1WNH_A,1WNH,A,225,7,2,1WNH_A_s7_n2,stage3/candidate_generation/candidates/development/1WNH_A/seed_7/1WNH_A_seed_7_sample_2_model.cif,89.99472,0.92529,0.34987,0.0,0.18728
development,1WNH_A,1WNH,A,225,7,3,1WNH_A_s7_n3,stage3/candidate_generation/candidates/development/1WNH_A/seed_7/1WNH_A_seed_7_sample_3_model.cif,89.788406,0.923478,0.353479,0.0,0.18914
development,1WNH_A,1WNH,A,225,7,4,1WNH_A_s7_n4,stage3/candidate_generation/candidates/development/1WNH_A/seed_7/1WNH_A_seed_7_sample_4_model.cif,90.078201,0.926072,0.34834,0.0,0.189659
development,1WNH_A,1WNH,A,225,7,5,1WNH_A_s7_n5,stage3/candidate_generation/candidates/development/1WNH_A/seed_7/1WNH_A_seed_7_sample_5_model.cif,90.052063,0.925883,0.348991,0.0,0.194065
development,2H36_X,2H36,X,112,123,1,2H36_X_s123_n1,stage3/candidate_generation/candidates/development/2H36_X/seed_123/2H36_X_seed_123_sample_1_model.cif,73.101494,0.719406,0.960499,0.0,0.197453
development,2H36_X,2H36,X,112,123,2,2H36_X_s123_n2,stage3/candidate_generation/candidates/development/2H36_X/seed_123/2H36_X_seed_123_sample_2_model.cif,75.181938,0.75355,0.857649,0.0,0.204282
development,2H36_X,2H36,X,112,123,3,2H36_X_s123_n3,stage3/candidate_generation/candidates/development/2H36_X/seed_123/2H36_X_seed_123_sample_3_model.cif,73.699684,0.723101,0.947034,0.0,0.184799
development,2H36_X,2H36,X,112,123,4,2H36_X_s123_n4,stage3/candidate_generation/candidates/development/2H36_X/seed_123/2H36_X_seed_123_sample_4_model.cif,74.156105,0.743223,0.872639,0.0,0.148645
development,2H36_X,2H36,X,112,123,5,2H36_X_s123_n5,stage3/candidate_generation/candidates/development/2H36_X/seed_123/2H36_X_seed_123_sample_5_model.cif,74.407188,0.739179,0.871784,0.0,0.201407
development,2H36_X,2H36,X,112,2024,1,2H36_X_s2024_n1,stage3/candidate_generation/candidates/development/2H36_X/seed_2024/2H36_X_seed_2024_sample_1_model.cif,74.282776,0.730226,0.846883,0.0,0.146045
development,2H36_X,2H36,X,112,2024,2,2H36_X_s2024_n2,stage3/candidate_generation/candidates/development/2H36_X/seed_2024/2H36_X_seed_2024_sample_2_model.cif,76.107353,0.747544,0.743469,0.0,0.149509
development,2H36_X,2H36,X,112,2024,3,2H36_X_s2024_n3,stage3/candidate_generation/candidates/development/2H36_X/seed_2024/2H36_X_seed_2024_sample_3_model.cif,75.151375,0.751065,0.866354,0.0,0.208249
development,2H36_X,2H36,X,112,2024,4,2H36_X_s2024_n4,stage3/candidate_generation/candidates/development/2H36_X/seed_2024/2H36_X_seed_2024_sample_4_model.cif,73.748749,0.725873,0.904146,0.0,0.163032
development,2H36_X,2H36,X,112,2024,5,2H36_X_s2024_n5,stage3/candidate_generation/candidates/development/2H36_X/seed_2024/2H36_X_seed_2024_sample_5_model.cif,75.458145,0.756861,0.841897,0.0,0.169229
development,2H36_X,2H36,X,112,31337,1,2H36_X_s31337_n1,stage3/candidate_generation/candidates/development/2H36_X/seed_31337/2H36_X_seed_31337_sample_1_model.cif,74.385071,0.725526,0.881471,0.0,0.149569
development,2H36_X,2H36,X,112,31337,2,2H36_X_s31337_n2,stage3/candidate_generation/candidates/development/2H36_X/seed_31337/2H36_X_seed_31337_sample_2_model.cif,76.517624,0.76826,0.773802,0.0,0.153652
development,2H36_X,2H36,X,112,31337,3,2H36_X_s31337_n3,stage3/candidate_generation/candidates/development/2H36_X/seed_31337/2H36_X_seed_31337_sample_3_model.cif,75.354904,0.757717,0.816019,0.0,0.151543
development,2H36_X,2H36,X,112,31337,4,2H36_X_s31337_n4,stage3/candidate_generation/candidates/development/2H36_X/seed_31337/2H36_X_seed_31337_sample_4_model.cif,78.739494,0.756853,0.757232,0.0,0.169228
development,2H36_X,2H36,X,112,31337,5,2H36_X_s31337_n5,stage3/candidate_generation/candidates/development/2H36_X/seed_31337/2H36_X_seed_31337_sample_5_model.cif,75.825691,0.754572,0.763193,0.0,0.150914
development,2H36_X,2H36,X,112,42,1,2H36_X_s42_n1,stage3/candidate_generation/candidates/development/2H36_X/seed_42/2H36_X_seed_42_sample_1_model.cif,76.838409,0.734949,0.897093,0.0,0.160383
development,2H36_X,2H36,X,112,42,2,2H36_X_s42_n2,stage3/candidate_generation/candidates/development/2H36_X/seed_42/2H36_X_seed_42_sample_2_model.cif,73.353523,0.724021,0.982316,0.0,0.207304
development,2H36_X,2H36,X,112,42,3,2H36_X_s42_n3,stage3/candidate_generation/candidates/development/2H36_X/seed_42/2H36_X_seed_42_sample_3_model.cif,73.369385,0.725248,1.024015,0.0,0.20755
development,2H36_X,2H36,X,112,42,4,2H36_X_s42_n4,stage3/candidate_generation/candidates/development/2H36_X/seed_42/2H36_X_seed_42_sample_4_model.cif,74.877502,0.727253,0.826123,0.0,0.145451
development,2H36_X,2H36,X,112,42,5,2H36_X_s42_n5,stage3/candidate_generation/candidates/development/2H36_X/seed_42/2H36_X_seed_42_sample_5_model.cif,75.442192,0.755135,0.832087,0.0,0.155491
development,2H36_X,2H36,X,112,7,1,2H36_X_s7_n1,stage3/candidate_generation/candidates/development/2H36_X/seed_7/2H36_X_seed_7_sample_1_model.cif,73.428665,0.72555,0.946568,0.0,0.20761
development,2H36_X,2H36,X,112,7,2,2H36_X_s7_n2,stage3/candidate_generation/candidates/development/2H36_X/seed_7/2H36_X_seed_7_sample_2_model.cif,74.500832,0.742672,0.877564,0.0,0.20657
development,2H36_X,2H36,X,112,7,3,2H36_X_s7_n3,stage3/candidate_generation/candidates/development/2H36_X/seed_7/2H36_X_seed_7_sample_3_model.cif,73.932983,0.718231,0.911258,0.0,0.183825
development,2H36_X,2H36,X,112,7,4,2H36_X_s7_n4,stage3/candidate_generation/candidates/development/2H36_X/seed_7/2H36_X_seed_7_sample_4_model.cif,72.427856,0.724435,0.921691,0.0,0.162744
development,2H36_X,2H36,X,112,7,5,2H36_X_s7_n5,stage3/candidate_generation/candidates/development/2H36_X/seed_7/2H36_X_seed_7_sample_5_model.cif,73.617119,0.725967,0.924084,0.0,0.145193
development,1WHP_A,1WHP,A,96,123,1,1WHP_A_s123_n1,stage3/candidate_generation/candidates/development/1WHP_A/seed_123/1WHP_A_seed_123_sample_1_model.cif,91.429565,0.90981,0.334637,0.0,0.181962
development,1WHP_A,1WHP,A,96,123,2,1WHP_A_s123_n2,stage3/candidate_generation/candidates/development/1WHP_A/seed_123/1WHP_A_seed_123_sample_2_model.cif,91.496086,0.910992,0.3325,0.0,0.182198
development,1WHP_A,1WHP,A,96,123,3,1WHP_A_s123_n3,stage3/candidate_generation/candidates/development/1WHP_A/seed_123/1WHP_A_seed_123_sample_3_model.cif,91.367577,0.90928,0.335096,0.0,0.181856
development,1WHP_A,1WHP,A,96,123,4,1WHP_A_s123_n4,stage3/candidate_generation/candidates/development/1WHP_A/seed_123/1WHP_A_seed_123_sample_4_model.cif,90.558334,0.904124,0.351236,0.0,0.180825
development,1WHP_A,1WHP,A,96,123,5,1WHP_A_s123_n5,stage3/candidate_generation/candidates/development/1WHP_A/seed_123/1WHP_A_seed_123_sample_5_model.cif,91.389229,0.91061,0.333395,0.0,0.182122
development,1WHP_A,1WHP,A,96,2024,1,1WHP_A_s2024_n1,stage3/candidate_generation/candidates/development/1WHP_A/seed_2024/1WHP_A_seed_2024_sample_1_model.cif,90.824539,0.90697,0.343573,0.0,0.181394
development,1WHP_A,1WHP,A,96,2024,2,1WHP_A_s2024_n2,stage3/candidate_generation/candidates/development/1WHP_A/seed_2024/1WHP_A_seed_2024_sample_2_model.cif,91.491798,0.910124,0.33336,0.0,0.182025
development,1WHP_A,1WHP,A,96,2024,3,1WHP_A_s2024_n3,stage3/candidate_generation/candidates/development/1WHP_A/seed_2024/1WHP_A_seed_2024_sample_3_model.cif,90.270966,0.90258,0.353613,0.0,0.180516
development,1WHP_A,1WHP,A,96,2024,4,1WHP_A_s2024_n4,stage3/candidate_generation/candidates/development/1WHP_A/seed_2024/1WHP_A_seed_2024_sample_4_model.cif,91.415222,0.909393,0.333971,0.0,0.181879
development,1WHP_A,1WHP,A,96,2024,5,1WHP_A_s2024_n5,stage3/candidate_generation/candidates/development/1WHP_A/seed_2024/1WHP_A_seed_2024_sample_5_model.cif,91.324966,0.907559,0.335607,0.0,0.181512
development,1WHP_A,1WHP,A,96,31337,1,1WHP_A_s31337_n1,stage3/candidate_generation/candidates/development/1WHP_A/seed_31337/1WHP_A_seed_31337_sample_1_model.cif,91.023239,0.908313,0.337942,0.0,0.181663
development,1WHP_A,1WHP,A,96,31337,2,1WHP_A_s31337_n2,stage3/candidate_generation/candidates/development/1WHP_A/seed_31337/1WHP_A_seed_31337_sample_2_model.cif,91.351471,0.909291,0.332378,0.0,0.181858
development,1WHP_A,1WHP,A,96,31337,3,1WHP_A_s31337_n3,stage3/candidate_generation/candidates/development/1WHP_A/seed_31337/1WHP_A_seed_31337_sample_3_model.cif,91.375862,0.909279,0.332869,0.0,0.181856
development,1WHP_A,1WHP,A,96,31337,4,1WHP_A_s31337_n4,stage3/candidate_generation/candidates/development/1WHP_A/seed_31337/1WHP_A_seed_31337_sample_4_model.cif,90.894562,0.906704,0.341236,0.0,0.181341
development,1WHP_A,1WHP,A,96,31337,5,1WHP_A_s31337_n5,stage3/candidate_generation/candidates/development/1WHP_A/seed_31337/1WHP_A_seed_31337_sample_5_model.cif,91.002258,0.907992,0.338213,0.0,0.181598
development,1WHP_A,1WHP,A,96,42,1,1WHP_A_s42_n1,stage3/candidate_generation/candidates/development/1WHP_A/seed_42/1WHP_A_seed_42_sample_1_model.cif,91.185982,0.910466,0.338469,0.0,0.182093
development,1WHP_A,1WHP,A,96,42,2,1WHP_A_s42_n2,stage3/candidate_generation/candidates/development/1WHP_A/seed_42/1WHP_A_seed_42_sample_2_model.cif,91.614304,0.911151,0.33072,0.0,0.18223
development,1WHP_A,1WHP,A,96,42,3,1WHP_A_s42_n3,stage3/candidate_generation/candidates/development/1WHP_A/seed_42/1WHP_A_seed_42_sample_3_model.cif,91.714348,0.912742,0.329202,0.0,0.182548
development,1WHP_A,1WHP,A,96,42,4,1WHP_A_s42_n4,stage3/candidate_generation/candidates/development/1WHP_A/seed_42/1WHP_A_seed_42_sample_4_model.cif,91.730431,0.912523,0.329447,0.0,0.182505
development,1WHP_A,1WHP,A,96,42,5,1WHP_A_s42_n5,stage3/candidate_generation/candidates/development/1WHP_A/seed_42/1WHP_A_seed_42_sample_5_model.cif,91.257278,0.91081,0.336852,0.0,0.182162
development,1WHP_A,1WHP,A,96,7,1,1WHP_A_s7_n1,stage3/candidate_generation/candidates/development/1WHP_A/seed_7/1WHP_A_seed_7_sample_1_model.cif,90.946175,0.906147,0.341201,0.0,0.181229
development,1WHP_A,1WHP,A,96,7,2,1WHP_A_s7_n2,stage3/candidate_generation/candidates/development/1WHP_A/seed_7/1WHP_A_seed_7_sample_2_model.cif,91.04937,0.906652,0.339905,0.0,0.18133
development,1WHP_A,1WHP,A,96,7,3,1WHP_A_s7_n3,stage3/candidate_generation/candidates/development/1WHP_A/seed_7/1WHP_A_seed_7_sample_3_model.cif,90.965538,0.906894,0.340149,0.0,0.181379
development,1WHP_A,1WHP,A,96,7,4,1WHP_A_s7_n4,stage3/candidate_generation/candidates/development/1WHP_A/seed_7/1WHP_A_seed_7_sample_4_model.cif,91.255783,0.908108,0.335644,0.0,0.181622
development,1WHP_A,1WHP,A,96,7,5,1WHP_A_s7_n5,stage3/candidate_generation/candidates/development/1WHP_A/seed_7/1WHP_A_seed_7_sample_5_model.cif,90.919739,0.904986,0.340307,0.0,0.180997
development,2BE4_A,2BE4,A,272,123,1,2BE4_A_s123_n1,stage3/candidate_generation/candidates/development/2BE4_A/seed_123/2BE4_A_seed_123_sample_1_model.cif,79.205421,0.676211,0.449668,0.0,0.135242
development,2BE4_A,2BE4,A,272,123,2,2BE4_A_s123_n2,stage3/candidate_generation/candidates/development/2BE4_A/seed_123/2BE4_A_seed_123_sample_2_model.cif,79.001831,0.664988,0.457424,0.0,0.132998
development,2BE4_A,2BE4,A,272,123,3,2BE4_A_s123_n3,stage3/candidate_generation/candidates/development/2BE4_A/seed_123/2BE4_A_seed_123_sample_3_model.cif,79.11451,0.665403,0.456679,0.0,0.133081
development,2BE4_A,2BE4,A,272,123,4,2BE4_A_s123_n4,stage3/candidate_generation/candidates/development/2BE4_A/seed_123/2BE4_A_seed_123_sample_4_model.cif,79.388252,0.695519,0.458355,0.0,0.139104
development,2BE4_A,2BE4,A,272,123,5,2BE4_A_s123_n5,stage3/candidate_generation/candidates/development/2BE4_A/seed_123/2BE4_A_seed_123_sample_5_model.cif,79.04792,0.69122,0.46302,0.0,0.138244
development,2BE4_A,2BE4,A,272,2024,1,2BE4_A_s2024_n1,stage3/candidate_generation/candidates/development/2BE4_A/seed_2024/2BE4_A_seed_2024_sample_1_model.cif,79.546692,0.664203,0.456394,0.0,0.132841
development,2BE4_A,2BE4,A,272,2024,2,2BE4_A_s2024_n2,stage3/candidate_generation/candidates/development/2BE4_A/seed_2024/2BE4_A_seed_2024_sample_2_model.cif,79.093964,0.663525,0.455721,0.0,0.132705
development,2BE4_A,2BE4,A,272,2024,3,2BE4_A_s2024_n3,stage3/candidate_generation/candidates/development/2BE4_A/seed_2024/2BE4_A_seed_2024_sample_3_model.cif,79.325249,0.657564,0.459188,0.0,0.131513
development,2BE4_A,2BE4,A,272,2024,4,2BE4_A_s2024_n4,stage3/candidate_generation/candidates/development/2BE4_A/seed_2024/2BE4_A_seed_2024_sample_4_model.cif,79.357849,0.657223,0.457527,0.0,0.131445
development,2BE4_A,2BE4,A,272,2024,5,2BE4_A_s2024_n5,stage3/candidate_generation/candidates/development/2BE4_A/seed_2024/2BE4_A_seed_2024_sample_5_model.cif,79.588364,0.660248,0.455172,0.0,0.13205
development,2BE4_A,2BE4,A,272,31337,1,2BE4_A_s31337_n1,stage3/candidate_generation/candidates/development/2BE4_A/seed_31337/2BE4_A_seed_31337_sample_1_model.cif,78.99778,0.658934,0.464904,0.0,0.131787
development,2BE4_A,2BE4,A,272,31337,2,2BE4_A_s31337_n2,stage3/candidate_generation/candidates/development/2BE4_A/seed_31337/2BE4_A_seed_31337_sample_2_model.cif,78.900497,0.656698,0.466696,0.0,0.13134
development,2BE4_A,2BE4,A,272,31337,3,2BE4_A_s31337_n3,stage3/candidate_generation/candidates/development/2BE4_A/seed_31337/2BE4_A_seed_31337_sample_3_model.cif,78.899902,0.657341,0.465193,0.0,0.131468
development,2BE4_A,2BE4,A,272,31337,4,2BE4_A_s31337_n4,stage3/candidate_generation/candidates/development/2BE4_A/seed_31337/2BE4_A_seed_31337_sample_4_model.cif,79.000343,0.658652,0.465649,0.0,0.13173
development,2BE4_A,2BE4,A,272,31337,5,2BE4_A_s31337_n5,stage3/candidate_generation/candidates/development/2BE4_A/seed_31337/2BE4_A_seed_31337_sample_5_model.cif,79.092491,0.666174,0.45745,0.0,0.133235
development,2BE4_A,2BE4,A,272,42,1,2BE4_A_s42_n1,stage3/candidate_generation/candidates/development/2BE4_A/seed_42/2BE4_A_seed_42_sample_1_model.cif,78.651222,0.649779,0.471434,0.0,0.129956
development,2BE4_A,2BE4,A,272,42,2,2BE4_A_s42_n2,stage3/candidate_generation/candidates/development/2BE4_A/seed_42/2BE4_A_seed_42_sample_2_model.cif,78.629974,0.651096,0.470984,0.0,0.130219
development,2BE4_A,2BE4,A,272,42,3,2BE4_A_s42_n3,stage3/candidate_generation/candidates/development/2BE4_A/seed_42/2BE4_A_seed_42_sample_3_model.cif,78.651581,0.652634,0.469469,0.0,0.130527
development,2BE4_A,2BE4,A,272,42,4,2BE4_A_s42_n4,stage3/candidate_generation/candidates/development/2BE4_A/seed_42/2BE4_A_seed_42_sample_4_model.cif,78.442253,0.646139,0.470118,0.0,0.129228
development,2BE4_A,2BE4,A,272,42,5,2BE4_A_s42_n5,stage3/candidate_generation/candidates/development/2BE4_A/seed_42/2BE4_A_seed_42_sample_5_model.cif,78.474113,0.647401,0.472702,0.0,0.12948
development,2BE4_A,2BE4,A,272,7,1,2BE4_A_s7_n1,stage3/candidate_generation/candidates/development/2BE4_A/seed_7/2BE4_A_seed_7_sample_1_model.cif,78.529129,0.653222,0.471681,0.0,0.130644
development,2BE4_A,2BE4,A,272,7,2,2BE4_A_s7_n2,stage3/candidate_generation/candidates/development/2BE4_A/seed_7/2BE4_A_seed_7_sample_2_model.cif,78.835938,0.659942,0.467178,0.0,0.131988
development,2BE4_A,2BE4,A,272,7,3,2BE4_A_s7_n3,stage3/candidate_generation/candidates/development/2BE4_A/seed_7/2BE4_A_seed_7_sample_3_model.cif,79.173645,0.665057,0.465727,0.0,0.133011
development,2BE4_A,2BE4,A,272,7,4,2BE4_A_s7_n4,stage3/candidate_generation/candidates/development/2BE4_A/seed_7/2BE4_A_seed_7_sample_4_model.cif,79.03569,0.672859,0.45815,0.0,0.134572
development,2BE4_A,2BE4,A,272,7,5,2BE4_A_s7_n5,stage3/candidate_generation/candidates/development/2BE4_A/seed_7/2BE4_A_seed_7_sample_5_model.cif,78.841766,0.66239,0.467362,0.0,0.132478
development,4BBT_A,4BBT,A,125,123,1,4BBT_A_s123_n1,stage3/candidate_generation/candidates/development/4BBT_A/seed_123/4BBT_A_seed_123_sample_1_model.cif,87.591103,0.88172,0.390484,0.0,0.176344
development,4BBT_A,4BBT,A,125,123,2,4BBT_A_s123_n2,stage3/candidate_generation/candidates/development/4BBT_A/seed_123/4BBT_A_seed_123_sample_2_model.cif,87.577164,0.881002,0.390109,0.0,0.1762
development,4BBT_A,4BBT,A,125,123,3,4BBT_A_s123_n3,stage3/candidate_generation/candidates/development/4BBT_A/seed_123/4BBT_A_seed_123_sample_3_model.cif,87.478699,0.879911,0.392828,0.0,0.175982
development,4BBT_A,4BBT,A,125,123,4,4BBT_A_s123_n4,stage3/candidate_generation/candidates/development/4BBT_A/seed_123/4BBT_A_seed_123_sample_4_model.cif,87.507362,0.879313,0.394308,0.0,0.175863
development,4BBT_A,4BBT,A,125,123,5,4BBT_A_s123_n5,stage3/candidate_generation/candidates/development/4BBT_A/seed_123/4BBT_A_seed_123_sample_5_model.cif,87.438683,0.879477,0.394428,0.0,0.175895
development,4BBT_A,4BBT,A,125,2024,1,4BBT_A_s2024_n1,stage3/candidate_generation/candidates/development/4BBT_A/seed_2024/4BBT_A_seed_2024_sample_1_model.cif,87.164337,0.877179,0.400914,0.0,0.175436
development,4BBT_A,4BBT,A,125,2024,2,4BBT_A_s2024_n2,stage3/candidate_generation/candidates/development/4BBT_A/seed_2024/4BBT_A_seed_2024_sample_2_model.cif,87.212082,0.877566,0.399922,0.0,0.175513
development,4BBT_A,4BBT,A,125,2024,3,4BBT_A_s2024_n3,stage3/candidate_generation/candidates/development/4BBT_A/seed_2024/4BBT_A_seed_2024_sample_3_model.cif,87.26062,0.878982,0.397858,0.0,0.175796
development,4BBT_A,4BBT,A,125,2024,4,4BBT_A_s2024_n4,stage3/candidate_generation/candidates/development/4BBT_A/seed_2024/4BBT_A_seed_2024_sample_4_model.cif,87.131004,0.876883,0.400628,0.0,0.175377
development,4BBT_A,4BBT,A,125,2024,5,4BBT_A_s2024_n5,stage3/candidate_generation/candidates/development/4BBT_A/seed_2024/4BBT_A_seed_2024_sample_5_model.cif,87.299042,0.880081,0.395242,0.0,0.176016
development,4BBT_A,4BBT,A,125,31337,1,4BBT_A_s31337_n1,stage3/candidate_generation/candidates/development/4BBT_A/seed_31337/4BBT_A_seed_31337_sample_1_model.cif,86.88224,0.872974,0.410405,0.0,0.174595
development,4BBT_A,4BBT,A,125,31337,2,4BBT_A_s31337_n2,stage3/candidate_generation/candidates/development/4BBT_A/seed_31337/4BBT_A_seed_31337_sample_2_model.cif,86.725868,0.869093,0.417409,0.0,0.173819
development,4BBT_A,4BBT,A,125,31337,3,4BBT_A_s31337_n3,stage3/candidate_generation/candidates/development/4BBT_A/seed_31337/4BBT_A_seed_31337_sample_3_model.cif,86.942528,0.874766,0.408577,0.0,0.174953
development,4BBT_A,4BBT,A,125,31337,4,4BBT_A_s31337_n4,stage3/candidate_generation/candidates/development/4BBT_A/seed_31337/4BBT_A_seed_31337_sample_4_model.cif,87.077133,0.875672,0.405467,0.0,0.175134
development,4BBT_A,4BBT,A,125,31337,5,4BBT_A_s31337_n5,stage3/candidate_generation/candidates/development/4BBT_A/seed_31337/4BBT_A_seed_31337_sample_5_model.cif,87.030151,0.876459,0.40355,0.0,0.175292
development,4BBT_A,4BBT,A,125,42,1,4BBT_A_s42_n1,stage3/candidate_generation/candidates/development/4BBT_A/seed_42/4BBT_A_seed_42_sample_1_model.cif,87.291557,0.882041,0.392939,0.0,0.176408
development,4BBT_A,4BBT,A,125,42,2,4BBT_A_s42_n2,stage3/candidate_generation/candidates/development/4BBT_A/seed_42/4BBT_A_seed_42_sample_2_model.cif,87.077789,0.878998,0.397127,0.0,0.1758
development,4BBT_A,4BBT,A,125,42,3,4BBT_A_s42_n3,stage3/candidate_generation/candidates/development/4BBT_A/seed_42/4BBT_A_seed_42_sample_3_model.cif,86.86515,0.87466,0.404865,0.0,0.174932
development,4BBT_A,4BBT,A,125,42,4,4BBT_A_s42_n4,stage3/candidate_generation/candidates/development/4BBT_A/seed_42/4BBT_A_seed_42_sample_4_model.cif,86.754364,0.875428,0.404618,0.0,0.175086
development,4BBT_A,4BBT,A,125,42,5,4BBT_A_s42_n5,stage3/candidate_generation/candidates/development/4BBT_A/seed_42/4BBT_A_seed_42_sample_5_model.cif,87.082115,0.87933,0.396181,0.0,0.175866
development,4BBT_A,4BBT,A,125,7,1,4BBT_A_s7_n1,stage3/candidate_generation/candidates/development/4BBT_A/seed_7/4BBT_A_seed_7_sample_1_model.cif,87.485489,0.882058,0.393603,0.0,0.176412
development,4BBT_A,4BBT,A,125,7,2,4BBT_A_s7_n2,stage3/candidate_generation/candidates/development/4BBT_A/seed_7/4BBT_A_seed_7_sample_2_model.cif,87.391739,0.880636,0.395659,0.0,0.176127
development,4BBT_A,4BBT,A,125,7,3,4BBT_A_s7_n3,stage3/candidate_generation/candidates/development/4BBT_A/seed_7/4BBT_A_seed_7_sample_3_model.cif,87.567566,0.882989,0.391457,0.0,0.176598
development,4BBT_A,4BBT,A,125,7,4,4BBT_A_s7_n4,stage3/candidate_generation/candidates/development/4BBT_A/seed_7/4BBT_A_seed_7_sample_4_model.cif,87.484848,0.882852,0.392041,0.0,0.17657
development,4BBT_A,4BBT,A,125,7,5,4BBT_A_s7_n5,stage3/candidate_generation/candidates/development/4BBT_A/seed_7/4BBT_A_seed_7_sample_5_model.cif,87.49958,0.882003,0.393317,0.0,0.176401
development,5ROQ_A,5ROQ,A,279,123,1,5ROQ_A_s123_n1,stage3/candidate_generation/candidates/development/5ROQ_A/seed_123/5ROQ_A_seed_123_sample_1_model.cif,95.978996,0.977655,0.276391,0.0,0.195531
development,5ROQ_A,5ROQ,A,279,123,2,5ROQ_A_s123_n2,stage3/candidate_generation/candidates/development/5ROQ_A/seed_123/5ROQ_A_seed_123_sample_2_model.cif,95.972549,0.977634,0.276431,0.0,0.195527
development,5ROQ_A,5ROQ,A,279,123,3,5ROQ_A_s123_n3,stage3/candidate_generation/candidates/development/5ROQ_A/seed_123/5ROQ_A_seed_123_sample_3_model.cif,95.975861,0.977682,0.276473,0.0,0.195536
development,5ROQ_A,5ROQ,A,279,123,4,5ROQ_A_s123_n4,stage3/candidate_generation/candidates/development/5ROQ_A/seed_123/5ROQ_A_seed_123_sample_4_model.cif,95.982155,0.977679,0.276327,0.0,0.195536
development,5ROQ_A,5ROQ,A,279,123,5,5ROQ_A_s123_n5,stage3/candidate_generation/candidates/development/5ROQ_A/seed_123/5ROQ_A_seed_123_sample_5_model.cif,95.974564,0.977666,0.276367,0.0,0.195533
development,5ROQ_A,5ROQ,A,279,2024,1,5ROQ_A_s2024_n1,stage3/candidate_generation/candidates/development/5ROQ_A/seed_2024/5ROQ_A_seed_2024_sample_1_model.cif,95.907974,0.977532,0.27677,0.0,0.195506
development,5ROQ_A,5ROQ,A,279,2024,2,5ROQ_A_s2024_n2,stage3/candidate_generation/candidates/development/5ROQ_A/seed_2024/5ROQ_A_seed_2024_sample_2_model.cif,95.8853,0.977466,0.277024,0.0,0.195493
development,5ROQ_A,5ROQ,A,279,2024,3,5ROQ_A_s2024_n3,stage3/candidate_generation/candidates/development/5ROQ_A/seed_2024/5ROQ_A_seed_2024_sample_3_model.cif,95.903145,0.977514,0.276766,0.0,0.195503
development,5ROQ_A,5ROQ,A,279,2024,4,5ROQ_A_s2024_n4,stage3/candidate_generation/candidates/development/5ROQ_A/seed_2024/5ROQ_A_seed_2024_sample_4_model.cif,95.909569,0.977532,0.276794,0.0,0.195506
development,5ROQ_A,5ROQ,A,279,2024,5,5ROQ_A_s2024_n5,stage3/candidate_generation/candidates/development/5ROQ_A/seed_2024/5ROQ_A_seed_2024_sample_5_model.cif,95.907959,0.977556,0.276857,0.0,0.195511
development,5ROQ_A,5ROQ,A,279,31337,1,5ROQ_A_s31337_n1,stage3/candidate_generation/candidates/development/5ROQ_A/seed_31337/5ROQ_A_seed_31337_sample_1_model.cif,95.889465,0.977379,0.276969,0.0,0.195476
development,5ROQ_A,5ROQ,A,279,31337,2,5ROQ_A_s31337_n2,stage3/candidate_generation/candidates/development/5ROQ_A/seed_31337/5ROQ_A_seed_31337_sample_2_model.cif,95.894989,0.977399,0.276921,0.0,0.19548
development,5ROQ_A,5ROQ,A,279,31337,3,5ROQ_A_s31337_n3,stage3/candidate_generation/candidates/development/5ROQ_A/seed_31337/5ROQ_A_seed_31337_sample_3_model.cif,95.887665,0.977385,0.27698,0.0,0.195477
development,5ROQ_A,5ROQ,A,279,31337,4,5ROQ_A_s31337_n4,stage3/candidate_generation/candidates/development/5ROQ_A/seed_31337/5ROQ_A_seed_31337_sample_4_model.cif,95.887619,0.977358,0.276974,0.0,0.195472
development,5ROQ_A,5ROQ,A,279,31337,5,5ROQ_A_s31337_n5,stage3/candidate_generation/candidates/development/5ROQ_A/seed_31337/5ROQ_A_seed_31337_sample_5_model.cif,95.889755,0.977407,0.277046,0.0,0.195481
development,5ROQ_A,5ROQ,A,279,42,1,5ROQ_A_s42_n1,stage3/candidate_generation/candidates/development/5ROQ_A/seed_42/5ROQ_A_seed_42_sample_1_model.cif,96.034958,0.977689,0.275142,0.0,0.195538
development,5ROQ_A,5ROQ,A,279,42,2,5ROQ_A_s42_n2,stage3/candidate_generation/candidates/development/5ROQ_A/seed_42/5ROQ_A_seed_42_sample_2_model.cif,96.036324,0.977729,0.275088,0.0,0.195546
development,5ROQ_A,5ROQ,A,279,42,3,5ROQ_A_s42_n3,stage3/candidate_generation/candidates/development/5ROQ_A/seed_42/5ROQ_A_seed_42_sample_3_model.cif,96.03952,0.977727,0.275017,0.0,0.195545
development,5ROQ_A,5ROQ,A,279,42,4,5ROQ_A_s42_n4,stage3/candidate_generation/candidates/development/5ROQ_A/seed_42/5ROQ_A_seed_42_sample_4_model.cif,96.035439,0.977732,0.275083,0.0,0.195546
development,5ROQ_A,5ROQ,A,279,42,5,5ROQ_A_s42_n5,stage3/candidate_generation/candidates/development/5ROQ_A/seed_42/5ROQ_A_seed_42_sample_5_model.cif,96.035988,0.977682,0.275097,0.0,0.195536
development,5ROQ_A,5ROQ,A,279,7,1,5ROQ_A_s7_n1,stage3/candidate_generation/candidates/development/5ROQ_A/seed_7/5ROQ_A_seed_7_sample_1_model.cif,95.942299,0.977458,0.276402,0.0,0.195492
development,5ROQ_A,5ROQ,A,279,7,2,5ROQ_A_s7_n2,stage3/candidate_generation/candidates/development/5ROQ_A/seed_7/5ROQ_A_seed_7_sample_2_model.cif,95.939171,0.977482,0.276361,0.0,0.195496
development,5ROQ_A,5ROQ,A,279,7,3,5ROQ_A_s7_n3,stage3/candidate_generation/candidates/development/5ROQ_A/seed_7/5ROQ_A_seed_7_sample_3_model.cif,95.929649,0.977474,0.276371,0.0,0.195495
development,5ROQ_A,5ROQ,A,279,7,4,5ROQ_A_s7_n4,stage3/candidate_generation/candidates/development/5ROQ_A/seed_7/5ROQ_A_seed_7_sample_4_model.cif,95.917389,0.977454,0.276441,0.0,0.195491
development,5ROQ_A,5ROQ,A,279,7,5,5ROQ_A_s7_n5,stage3/candidate_generation/candidates/development/5ROQ_A/seed_7/5ROQ_A_seed_7_sample_5_model.cif,95.948807,0.977522,0.27628,0.0,0.195504
development,2XIO_A,2XIO,A,301,123,1,2XIO_A_s123_n1,stage3/candidate_generation/candidates/development/2XIO_A/seed_123/2XIO_A_seed_123_sample_1_model.cif,92.385246,0.933894,0.30301,0.0,0.198407
development,2XIO_A,2XIO,A,301,123,2,2XIO_A_s123_n2,stage3/candidate_generation/candidates/development/2XIO_A/seed_123/2XIO_A_seed_123_sample_2_model.cif,92.390648,0.933669,0.303412,0.0,0.198362
development,2XIO_A,2XIO,A,301,123,3,2XIO_A_s123_n3,stage3/candidate_generation/candidates/development/2XIO_A/seed_123/2XIO_A_seed_123_sample_3_model.cif,92.391212,0.93396,0.303038,0.0,0.200081
development,2XIO_A,2XIO,A,301,123,4,2XIO_A_s123_n4,stage3/candidate_generation/candidates/development/2XIO_A/seed_123/2XIO_A_seed_123_sample_4_model.cif,92.398369,0.933933,0.302744,0.0,0.200076
development,2XIO_A,2XIO,A,301,123,5,2XIO_A_s123_n5,stage3/candidate_generation/candidates/development/2XIO_A/seed_123/2XIO_A_seed_123_sample_5_model.cif,92.361053,0.933723,0.30302,0.0,0.201695
development,2XIO_A,2XIO,A,301,2024,1,2XIO_A_s2024_n1,stage3/candidate_generation/candidates/development/2XIO_A/seed_2024/2XIO_A_seed_2024_sample_1_model.cif,92.236946,0.932662,0.304909,0.0,0.201483
development,2XIO_A,2XIO,A,301,2024,2,2XIO_A_s2024_n2,stage3/candidate_generation/candidates/development/2XIO_A/seed_2024/2XIO_A_seed_2024_sample_2_model.cif,92.295517,0.933177,0.303954,0.0,0.201586
development,2XIO_A,2XIO,A,301,2024,3,2XIO_A_s2024_n3,stage3/candidate_generation/candidates/development/2XIO_A/seed_2024/2XIO_A_seed_2024_sample_3_model.cif,92.240173,0.932485,0.304995,0.0,0.199786
development,2XIO_A,2XIO,A,301,2024,4,2XIO_A_s2024_n4,stage3/candidate_generation/candidates/development/2XIO_A/seed_2024/2XIO_A_seed_2024_sample_4_model.cif,92.266045,0.933217,0.304804,0.0,0.201593
development,2XIO_A,2XIO,A,301,2024,5,2XIO_A_s2024_n5,stage3/candidate_generation/candidates/development/2XIO_A/seed_2024/2XIO_A_seed_2024_sample_5_model.cif,92.235146,0.932625,0.304822,0.0,0.199814
development,2XIO_A,2XIO,A,301,31337,1,2XIO_A_s31337_n1,stage3/candidate_generation/candidates/development/2XIO_A/seed_31337/2XIO_A_seed_31337_sample_1_model.cif,92.425522,0.934027,0.301191,0.0,0.200094
development,2XIO_A,2XIO,A,301,31337,2,2XIO_A_s31337_n2,stage3/candidate_generation/candidates/development/2XIO_A/seed_31337/2XIO_A_seed_31337_sample_2_model.cif,92.445381,0.934209,0.301146,0.0,0.200131
development,2XIO_A,2XIO,A,301,31337,3,2XIO_A_s31337_n3,stage3/candidate_generation/candidates/development/2XIO_A/seed_31337/2XIO_A_seed_31337_sample_3_model.cif,92.440796,0.934309,0.301162,0.0,0.200151
development,2XIO_A,2XIO,A,301,31337,4,2XIO_A_s31337_n4,stage3/candidate_generation/candidates/development/2XIO_A/seed_31337/2XIO_A_seed_31337_sample_4_model.cif,92.428139,0.934164,0.301229,0.0,0.200122
development,2XIO_A,2XIO,A,301,31337,5,2XIO_A_s31337_n5,stage3/candidate_generation/candidates/development/2XIO_A/seed_31337/2XIO_A_seed_31337_sample_5_model.cif,92.435791,0.93406,0.30126,0.0,0.200101
development,2XIO_A,2XIO,A,301,42,1,2XIO_A_s42_n1,stage3/candidate_generation/candidates/development/2XIO_A/seed_42/2XIO_A_seed_42_sample_1_model.cif,92.438988,0.934629,0.302079,0.0,0.200215
development,2XIO_A,2XIO,A,301,42,2,2XIO_A_s42_n2,stage3/candidate_generation/candidates/development/2XIO_A/seed_42/2XIO_A_seed_42_sample_2_model.cif,92.394737,0.933947,0.302621,0.0,0.200079
development,2XIO_A,2XIO,A,301,42,3,2XIO_A_s42_n3,stage3/candidate_generation/candidates/development/2XIO_A/seed_42/2XIO_A_seed_42_sample_3_model.cif,92.425125,0.934079,0.302612,0.0,0.200105
development,2XIO_A,2XIO,A,301,42,4,2XIO_A_s42_n4,stage3/candidate_generation/candidates/development/2XIO_A/seed_42/2XIO_A_seed_42_sample_4_model.cif,92.407845,0.934417,0.302525,0.0,0.198511
development,2XIO_A,2XIO,A,301,42,5,2XIO_A_s42_n5,stage3/candidate_generation/candidates/development/2XIO_A/seed_42/2XIO_A_seed_42_sample_5_model.cif,92.438988,0.93446,0.301947,0.0,0.200181
development,2XIO_A,2XIO,A,301,7,1,2XIO_A_s7_n1,stage3/candidate_generation/candidates/development/2XIO_A/seed_7/2XIO_A_seed_7_sample_1_model.cif,92.395004,0.934517,0.303571,0.0,0.200192
development,2XIO_A,2XIO,A,301,7,2,2XIO_A_s7_n2,stage3/candidate_generation/candidates/development/2XIO_A/seed_7/2XIO_A_seed_7_sample_2_model.cif,92.394302,0.934224,0.303139,0.0,0.198473
development,2XIO_A,2XIO,A,301,7,3,2XIO_A_s7_n3,stage3/candidate_generation/candidates/development/2XIO_A/seed_7/2XIO_A_seed_7_sample_3_model.cif,92.388039,0.9343,0.303394,0.0,0.200149
development,2XIO_A,2XIO,A,301,7,4,2XIO_A_s7_n4,stage3/candidate_generation/candidates/development/2XIO_A/seed_7/2XIO_A_seed_7_sample_4_model.cif,92.380211,0.934312,0.304141,0.0,0.200151
development,2XIO_A,2XIO,A,301,7,5,2XIO_A_s7_n5,stage3/candidate_generation/candidates/development/2XIO_A/seed_7/2XIO_A_seed_7_sample_5_model.cif,92.422081,0.934663,0.303177,0.0,0.201883
development,1ENI_A,1ENI,A,138,123,1,1ENI_A_s123_n1,stage3/candidate_generation/candidates/development/1ENI_A/seed_123/1ENI_A_seed_123_sample_1_model.cif,92.137207,0.932468,0.315654,0.0,0.186494
development,1ENI_A,1ENI,A,138,123,2,1ENI_A_s123_n2,stage3/candidate_generation/candidates/development/1ENI_A/seed_123/1ENI_A_seed_123_sample_2_model.cif,92.173027,0.932306,0.314475,0.0,0.186461
development,1ENI_A,1ENI,A,138,123,3,1ENI_A_s123_n3,stage3/candidate_generation/candidates/development/1ENI_A/seed_123/1ENI_A_seed_123_sample_3_model.cif,92.138092,0.931983,0.315773,0.0,0.186397
development,1ENI_A,1ENI,A,138,123,4,1ENI_A_s123_n4,stage3/candidate_generation/candidates/development/1ENI_A/seed_123/1ENI_A_seed_123_sample_4_model.cif,92.217247,0.932896,0.313227,0.0,0.186579
development,1ENI_A,1ENI,A,138,123,5,1ENI_A_s123_n5,stage3/candidate_generation/candidates/development/1ENI_A/seed_123/1ENI_A_seed_123_sample_5_model.cif,92.256775,0.933261,0.313191,0.0,0.186652
development,1ENI_A,1ENI,A,138,2024,1,1ENI_A_s2024_n1,stage3/candidate_generation/candidates/development/1ENI_A/seed_2024/1ENI_A_seed_2024_sample_1_model.cif,92.204323,0.932626,0.313809,0.0,0.186525
development,1ENI_A,1ENI,A,138,2024,2,1ENI_A_s2024_n2,stage3/candidate_generation/candidates/development/1ENI_A/seed_2024/1ENI_A_seed_2024_sample_2_model.cif,92.256828,0.933046,0.312511,0.0,0.186609
development,1ENI_A,1ENI,A,138,2024,3,1ENI_A_s2024_n3,stage3/candidate_generation/candidates/development/1ENI_A/seed_2024/1ENI_A_seed_2024_sample_3_model.cif,92.313889,0.933669,0.312278,0.0,0.186734
development,1ENI_A,1ENI,A,138,2024,4,1ENI_A_s2024_n4,stage3/candidate_generation/candidates/development/1ENI_A/seed_2024/1ENI_A_seed_2024_sample_4_model.cif,92.136536,0.931959,0.315164,0.0,0.186392
development,1ENI_A,1ENI,A,138,2024,5,1ENI_A_s2024_n5,stage3/candidate_generation/candidates/development/1ENI_A/seed_2024/1ENI_A_seed_2024_sample_5_model.cif,92.277328,0.93383,0.313884,0.0,0.186766
development,1ENI_A,1ENI,A,138,31337,1,1ENI_A_s31337_n1,stage3/candidate_generation/candidates/development/1ENI_A/seed_31337/1ENI_A_seed_31337_sample_1_model.cif,92.159073,0.932325,0.315232,0.0,0.186465
development,1ENI_A,1ENI,A,138,31337,2,1ENI_A_s31337_n2,stage3/candidate_generation/candidates/development/1ENI_A/seed_31337/1ENI_A_seed_31337_sample_2_model.cif,92.215767,0.932747,0.313701,0.0,0.186549
development,1ENI_A,1ENI,A,138,31337,3,1ENI_A_s31337_n3,stage3/candidate_generation/candidates/development/1ENI_A/seed_31337/1ENI_A_seed_31337_sample_3_model.cif,92.141167,0.931929,0.315683,0.0,0.186386
development,1ENI_A,1ENI,A,138,31337,4,1ENI_A_s31337_n4,stage3/candidate_generation/candidates/development/1ENI_A/seed_31337/1ENI_A_seed_31337_sample_4_model.cif,92.224136,0.932582,0.312932,0.0,0.186516
development,1ENI_A,1ENI,A,138,31337,5,1ENI_A_s31337_n5,stage3/candidate_generation/candidates/development/1ENI_A/seed_31337/1ENI_A_seed_31337_sample_5_model.cif,92.160057,0.932123,0.314854,0.0,0.186425
development,1ENI_A,1ENI,A,138,42,1,1ENI_A_s42_n1,stage3/candidate_generation/candidates/development/1ENI_A/seed_42/1ENI_A_seed_42_sample_1_model.cif,92.224495,0.932763,0.313323,0.0,0.186553
development,1ENI_A,1ENI,A,138,42,2,1ENI_A_s42_n2,stage3/candidate_generation/candidates/development/1ENI_A/seed_42/1ENI_A_seed_42_sample_2_model.cif,92.156502,0.93216,0.315708,0.0,0.186432
development,1ENI_A,1ENI,A,138,42,3,1ENI_A_s42_n3,stage3/candidate_generation/candidates/development/1ENI_A/seed_42/1ENI_A_seed_42_sample_3_model.cif,92.23967,0.93339,0.312823,0.0,0.186678
development,1ENI_A,1ENI,A,138,42,4,1ENI_A_s42_n4,stage3/candidate_generation/candidates/development/1ENI_A/seed_42/1ENI_A_seed_42_sample_4_model.cif,92.234024,0.932896,0.312981,0.0,0.186579
development,1ENI_A,1ENI,A,138,42,5,1ENI_A_s42_n5,stage3/candidate_generation/candidates/development/1ENI_A/seed_42/1ENI_A_seed_42_sample_5_model.cif,92.161049,0.931992,0.314576,0.0,0.186398
development,1ENI_A,1ENI,A,138,7,1,1ENI_A_s7_n1,stage3/candidate_generation/candidates/development/1ENI_A/seed_7/1ENI_A_seed_7_sample_1_model.cif,92.212151,0.932624,0.314223,0.0,0.186525
development,1ENI_A,1ENI,A,138,7,2,1ENI_A_s7_n2,stage3/candidate_generation/candidates/development/1ENI_A/seed_7/1ENI_A_seed_7_sample_2_model.cif,92.183617,0.932211,0.313662,0.0,0.186442
development,1ENI_A,1ENI,A,138,7,3,1ENI_A_s7_n3,stage3/candidate_generation/candidates/development/1ENI_A/seed_7/1ENI_A_seed_7_sample_3_model.cif,92.195496,0.93259,0.313786,0.0,0.186518
development,1ENI_A,1ENI,A,138,7,4,1ENI_A_s7_n4,stage3/candidate_generation/candidates/development/1ENI_A/seed_7/1ENI_A_seed_7_sample_4_model.cif,92.140091,0.931796,0.314788,0.0,0.186359
development,1ENI_A,1ENI,A,138,7,5,1ENI_A_s7_n5,stage3/candidate_generation/candidates/development/1ENI_A/seed_7/1ENI_A_seed_7_sample_5_model.cif,92.213089,0.932748,0.313108,0.0,0.18655
validation,3T6P_A,3T6P,A,345,123,1,3T6P_A_s123_n1,stage3/candidate_generation/candidates/validation/3T6P_A/seed_123/3T6P_A_seed_123_sample_1_model.cif,79.177498,0.335513,0.475888,0.0,0.088842
validation,3T6P_A,3T6P,A,345,123,2,3T6P_A_s123_n2,stage3/candidate_generation/candidates/validation/3T6P_A/seed_123/3T6P_A_seed_123_sample_2_model.cif,79.555786,0.333987,0.478955,0.0,0.089986
validation,3T6P_A,3T6P,A,345,123,3,3T6P_A_s123_n3,stage3/candidate_generation/candidates/validation/3T6P_A/seed_123/3T6P_A_seed_123_sample_3_model.cif,79.320915,0.334914,0.479445,0.0,0.087273
validation,3T6P_A,3T6P,A,345,123,4,3T6P_A_s123_n4,stage3/candidate_generation/candidates/validation/3T6P_A/seed_123/3T6P_A_seed_123_sample_4_model.cif,79.112221,0.337916,0.474357,0.0,0.090772
validation,3T6P_A,3T6P,A,345,123,5,3T6P_A_s123_n5,stage3/candidate_generation/candidates/validation/3T6P_A/seed_123/3T6P_A_seed_123_sample_5_model.cif,79.444214,0.332568,0.483323,0.0,0.086803
validation,3T6P_A,3T6P,A,345,2024,1,3T6P_A_s2024_n1,stage3/candidate_generation/candidates/validation/3T6P_A/seed_2024/3T6P_A_seed_2024_sample_1_model.cif,80.060555,0.342538,0.456765,0.0,0.080102
validation,3T6P_A,3T6P,A,345,2024,2,3T6P_A_s2024_n2,stage3/candidate_generation/candidates/validation/3T6P_A/seed_2024/3T6P_A_seed_2024_sample_2_model.cif,79.874039,0.339307,0.46047,0.0,0.088151
validation,3T6P_A,3T6P,A,345,2024,3,3T6P_A_s2024_n3,stage3/candidate_generation/candidates/validation/3T6P_A/seed_2024/3T6P_A_seed_2024_sample_3_model.cif,79.831642,0.338476,0.458515,0.0,0.090884
validation,3T6P_A,3T6P,A,345,2024,4,3T6P_A_s2024_n4,stage3/candidate_generation/candidates/validation/3T6P_A/seed_2024/3T6P_A_seed_2024_sample_4_model.cif,79.810158,0.340628,0.458875,0.0,0.076821
validation,3T6P_A,3T6P,A,345,2024,5,3T6P_A_s2024_n5,stage3/candidate_generation/candidates/validation/3T6P_A/seed_2024/3T6P_A_seed_2024_sample_5_model.cif,80.130943,0.34004,0.457455,0.0,0.088298
validation,3T6P_A,3T6P,A,345,31337,1,3T6P_A_s31337_n1,stage3/candidate_generation/candidates/validation/3T6P_A/seed_31337/3T6P_A_seed_31337_sample_1_model.cif,79.758369,0.336737,0.465295,0.0,0.067347
validation,3T6P_A,3T6P,A,345,31337,2,3T6P_A_s31337_n2,stage3/candidate_generation/candidates/validation/3T6P_A/seed_31337/3T6P_A_seed_31337_sample_2_model.cif,80.012215,0.331602,0.464458,0.0,0.079364
validation,3T6P_A,3T6P,A,345,31337,3,3T6P_A_s31337_n3,stage3/candidate_generation/candidates/validation/3T6P_A/seed_31337/3T6P_A_seed_31337_sample_3_model.cif,79.739868,0.3401,0.467866,0.0,0.094107
validation,3T6P_A,3T6P,A,345,31337,4,3T6P_A_s31337_n4,stage3/candidate_generation/candidates/validation/3T6P_A/seed_31337/3T6P_A_seed_31337_sample_4_model.cif,79.914246,0.340193,0.465021,0.0,0.086879
validation,3T6P_A,3T6P,A,345,31337,5,3T6P_A_s31337_n5,stage3/candidate_generation/candidates/validation/3T6P_A/seed_31337/3T6P_A_seed_31337_sample_5_model.cif,79.825348,0.330841,0.474232,0.0,0.090806
validation,3T6P_A,3T6P,A,345,42,1,3T6P_A_s42_n1,stage3/candidate_generation/candidates/validation/3T6P_A/seed_42/3T6P_A_seed_42_sample_1_model.cif,78.78981,0.340379,0.470981,0.0,0.088366
validation,3T6P_A,3T6P,A,345,42,2,3T6P_A_s42_n2,stage3/candidate_generation/candidates/validation/3T6P_A/seed_42/3T6P_A_seed_42_sample_2_model.cif,78.743095,0.335149,0.478337,0.0,0.088769
validation,3T6P_A,3T6P,A,345,42,3,3T6P_A_s42_n3,stage3/candidate_generation/candidates/validation/3T6P_A/seed_42/3T6P_A_seed_42_sample_3_model.cif,78.589554,0.327407,0.486568,0.0,0.08867
validation,3T6P_A,3T6P,A,345,42,4,3T6P_A_s42_n4,stage3/candidate_generation/candidates/validation/3T6P_A/seed_42/3T6P_A_seed_42_sample_4_model.cif,78.990379,0.341228,0.465297,0.0,0.087086
validation,3T6P_A,3T6P,A,345,42,5,3T6P_A_s42_n5,stage3/candidate_generation/candidates/validation/3T6P_A/seed_42/3T6P_A_seed_42_sample_5_model.cif,78.886223,0.334954,0.46868,0.0,0.077136
validation,3T6P_A,3T6P,A,345,7,1,3T6P_A_s7_n1,stage3/candidate_generation/candidates/validation/3T6P_A/seed_7/3T6P_A_seed_7_sample_1_model.cif,79.538734,0.33423,0.478367,0.0,0.088585
validation,3T6P_A,3T6P,A,345,7,2,3T6P_A_s7_n2,stage3/candidate_generation/candidates/validation/3T6P_A/seed_7/3T6P_A_seed_7_sample_2_model.cif,80.089325,0.334999,0.468085,0.0,0.088739
validation,3T6P_A,3T6P,A,345,7,3,3T6P_A_s7_n3,stage3/candidate_generation/candidates/validation/3T6P_A/seed_7/3T6P_A_seed_7_sample_3_model.cif,80.01255,0.337084,0.475907,0.0,0.089156
validation,3T6P_A,3T6P,A,345,7,4,3T6P_A_s7_n4,stage3/candidate_generation/candidates/validation/3T6P_A/seed_7/3T6P_A_seed_7_sample_4_model.cif,79.796173,0.337968,0.479246,0.0,0.092231
validation,3T6P_A,3T6P,A,345,7,5,3T6P_A_s7_n5,stage3/candidate_generation/candidates/validation/3T6P_A/seed_7/3T6P_A_seed_7_sample_5_model.cif,79.977272,0.3375,0.473227,0.0,0.086341
validation,2A4V_A,2A4V,A,159,123,1,2A4V_A_s123_n1,stage3/candidate_generation/candidates/validation/2A4V_A/seed_123/2A4V_A_seed_123_sample_1_model.cif,90.541824,0.929492,0.334512,0.0,0.185898
validation,2A4V_A,2A4V,A,159,123,2,2A4V_A_s123_n2,stage3/candidate_generation/candidates/validation/2A4V_A/seed_123/2A4V_A_seed_123_sample_2_model.cif,90.633987,0.929703,0.334034,0.0,0.185941
validation,2A4V_A,2A4V,A,159,123,3,2A4V_A_s123_n3,stage3/candidate_generation/candidates/validation/2A4V_A/seed_123/2A4V_A_seed_123_sample_3_model.cif,90.633728,0.930452,0.332367,0.0,0.18609
validation,2A4V_A,2A4V,A,159,123,4,2A4V_A_s123_n4,stage3/candidate_generation/candidates/validation/2A4V_A/seed_123/2A4V_A_seed_123_sample_4_model.cif,90.709206,0.930618,0.332245,0.0,0.186124
validation,2A4V_A,2A4V,A,159,123,5,2A4V_A_s123_n5,stage3/candidate_generation/candidates/validation/2A4V_A/seed_123/2A4V_A_seed_123_sample_5_model.cif,90.562912,0.929003,0.334673,0.0,0.185801
validation,2A4V_A,2A4V,A,159,2024,1,2A4V_A_s2024_n1,stage3/candidate_generation/candidates/validation/2A4V_A/seed_2024/2A4V_A_seed_2024_sample_1_model.cif,90.772316,0.928638,0.337067,0.0,0.185728
validation,2A4V_A,2A4V,A,159,2024,2,2A4V_A_s2024_n2,stage3/candidate_generation/candidates/validation/2A4V_A/seed_2024/2A4V_A_seed_2024_sample_2_model.cif,90.837631,0.929153,0.33641,0.0,0.185831
validation,2A4V_A,2A4V,A,159,2024,3,2A4V_A_s2024_n3,stage3/candidate_generation/candidates/validation/2A4V_A/seed_2024/2A4V_A_seed_2024_sample_3_model.cif,90.774406,0.928688,0.337125,0.0,0.185738
validation,2A4V_A,2A4V,A,159,2024,4,2A4V_A_s2024_n4,stage3/candidate_generation/candidates/validation/2A4V_A/seed_2024/2A4V_A_seed_2024_sample_4_model.cif,90.805244,0.929075,0.337291,0.0,0.185815
validation,2A4V_A,2A4V,A,159,2024,5,2A4V_A_s2024_n5,stage3/candidate_generation/candidates/validation/2A4V_A/seed_2024/2A4V_A_seed_2024_sample_5_model.cif,90.585091,0.926565,0.340552,0.0,0.185313
validation,2A4V_A,2A4V,A,159,31337,1,2A4V_A_s31337_n1,stage3/candidate_generation/candidates/validation/2A4V_A/seed_31337/2A4V_A_seed_31337_sample_1_model.cif,90.456398,0.926708,0.337174,0.0,0.185342
validation,2A4V_A,2A4V,A,159,31337,2,2A4V_A_s31337_n2,stage3/candidate_generation/candidates/validation/2A4V_A/seed_31337/2A4V_A_seed_31337_sample_2_model.cif,90.450272,0.926441,0.338036,0.0,0.185288
validation,2A4V_A,2A4V,A,159,31337,3,2A4V_A_s31337_n3,stage3/candidate_generation/candidates/validation/2A4V_A/seed_31337/2A4V_A_seed_31337_sample_3_model.cif,90.549782,0.927675,0.335917,0.0,0.185535
validation,2A4V_A,2A4V,A,159,31337,4,2A4V_A_s31337_n4,stage3/candidate_generation/candidates/validation/2A4V_A/seed_31337/2A4V_A_seed_31337_sample_4_model.cif,90.571098,0.927639,0.335476,0.0,0.185528
validation,2A4V_A,2A4V,A,159,31337,5,2A4V_A_s31337_n5,stage3/candidate_generation/candidates/validation/2A4V_A/seed_31337/2A4V_A_seed_31337_sample_5_model.cif,90.493202,0.926975,0.337128,0.0,0.185395
validation,2A4V_A,2A4V,A,159,42,1,2A4V_A_s42_n1,stage3/candidate_generation/candidates/validation/2A4V_A/seed_42/2A4V_A_seed_42_sample_1_model.cif,90.517525,0.926317,0.340786,0.0,0.185263
validation,2A4V_A,2A4V,A,159,42,2,2A4V_A_s42_n2,stage3/candidate_generation/candidates/validation/2A4V_A/seed_42/2A4V_A_seed_42_sample_2_model.cif,90.310883,0.923599,0.344661,0.0,0.18472
validation,2A4V_A,2A4V,A,159,42,3,2A4V_A_s42_n3,stage3/candidate_generation/candidates/validation/2A4V_A/seed_42/2A4V_A_seed_42_sample_3_model.cif,90.61869,0.927248,0.339251,0.0,0.18545
validation,2A4V_A,2A4V,A,159,42,4,2A4V_A_s42_n4,stage3/candidate_generation/candidates/validation/2A4V_A/seed_42/2A4V_A_seed_42_sample_4_model.cif,90.548714,0.926688,0.340904,0.0,0.185338
validation,2A4V_A,2A4V,A,159,42,5,2A4V_A_s42_n5,stage3/candidate_generation/candidates/validation/2A4V_A/seed_42/2A4V_A_seed_42_sample_5_model.cif,90.499733,0.926502,0.340498,0.0,0.1853
validation,2A4V_A,2A4V,A,159,7,1,2A4V_A_s7_n1,stage3/candidate_generation/candidates/validation/2A4V_A/seed_7/2A4V_A_seed_7_sample_1_model.cif,90.957306,0.930494,0.334592,0.0,0.186099
validation,2A4V_A,2A4V,A,159,7,2,2A4V_A_s7_n2,stage3/candidate_generation/candidates/validation/2A4V_A/seed_7/2A4V_A_seed_7_sample_2_model.cif,90.943077,0.930301,0.334736,0.0,0.18606
validation,2A4V_A,2A4V,A,159,7,3,2A4V_A_s7_n3,stage3/candidate_generation/candidates/validation/2A4V_A/seed_7/2A4V_A_seed_7_sample_3_model.cif,90.975319,0.930757,0.334134,0.0,0.186151
validation,2A4V_A,2A4V,A,159,7,4,2A4V_A_s7_n4,stage3/candidate_generation/candidates/validation/2A4V_A/seed_7/2A4V_A_seed_7_sample_4_model.cif,91.043381,0.931242,0.33374,0.0,0.186248
validation,2A4V_A,2A4V,A,159,7,5,2A4V_A_s7_n5,stage3/candidate_generation/candidates/validation/2A4V_A/seed_7/2A4V_A_seed_7_sample_5_model.cif,90.89975,0.930256,0.33549,0.0,0.186051
validation,6F4C_B,6F4C,B,363,123,1,6F4C_B_s123_n1,stage3/candidate_generation/candidates/validation/6F4C_B/seed_123/6F4C_B_seed_123_sample_1_model.cif,95.436447,0.965628,0.287229,0.0,0.193126
validation,6F4C_B,6F4C,B,363,123,2,6F4C_B_s123_n2,stage3/candidate_generation/candidates/validation/6F4C_B/seed_123/6F4C_B_seed_123_sample_2_model.cif,95.432991,0.965723,0.28757,0.0,0.193145
validation,6F4C_B,6F4C,B,363,123,3,6F4C_B_s123_n3,stage3/candidate_generation/candidates/validation/6F4C_B/seed_123/6F4C_B_seed_123_sample_3_model.cif,95.443672,0.965784,0.286987,0.0,0.193157
validation,6F4C_B,6F4C,B,363,123,4,6F4C_B_s123_n4,stage3/candidate_generation/candidates/validation/6F4C_B/seed_123/6F4C_B_seed_123_sample_4_model.cif,95.445274,0.965728,0.286922,0.0,0.193146
validation,6F4C_B,6F4C,B,363,123,5,6F4C_B_s123_n5,stage3/candidate_generation/candidates/validation/6F4C_B/seed_123/6F4C_B_seed_123_sample_5_model.cif,95.448875,0.965831,0.286897,0.0,0.193166
validation,6F4C_B,6F4C,B,363,2024,1,6F4C_B_s2024_n1,stage3/candidate_generation/candidates/validation/6F4C_B/seed_2024/6F4C_B_seed_2024_sample_1_model.cif,95.345261,0.964863,0.289995,0.0,0.192973
validation,6F4C_B,6F4C,B,363,2024,2,6F4C_B_s2024_n2,stage3/candidate_generation/candidates/validation/6F4C_B/seed_2024/6F4C_B_seed_2024_sample_2_model.cif,95.397896,0.965053,0.287831,0.0,0.193011
validation,6F4C_B,6F4C,B,363,2024,3,6F4C_B_s2024_n3,stage3/candidate_generation/candidates/validation/6F4C_B/seed_2024/6F4C_B_seed_2024_sample_3_model.cif,95.396057,0.96505,0.287716,0.0,0.19301
validation,6F4C_B,6F4C,B,363,2024,4,6F4C_B_s2024_n4,stage3/candidate_generation/candidates/validation/6F4C_B/seed_2024/6F4C_B_seed_2024_sample_4_model.cif,95.385941,0.964961,0.288087,0.0,0.192992
validation,6F4C_B,6F4C,B,363,2024,5,6F4C_B_s2024_n5,stage3/candidate_generation/candidates/validation/6F4C_B/seed_2024/6F4C_B_seed_2024_sample_5_model.cif,95.363586,0.964984,0.289289,0.0,0.192997
validation,6F4C_B,6F4C,B,363,31337,1,6F4C_B_s31337_n1,stage3/candidate_generation/candidates/validation/6F4C_B/seed_31337/6F4C_B_seed_31337_sample_1_model.cif,95.479568,0.965891,0.28556,0.0,0.193178
validation,6F4C_B,6F4C,B,363,31337,2,6F4C_B_s31337_n2,stage3/candidate_generation/candidates/validation/6F4C_B/seed_31337/6F4C_B_seed_31337_sample_2_model.cif,95.423744,0.965475,0.287972,0.0,0.193095
validation,6F4C_B,6F4C,B,363,31337,3,6F4C_B_s31337_n3,stage3/candidate_generation/candidates/validation/6F4C_B/seed_31337/6F4C_B_seed_31337_sample_3_model.cif,95.476601,0.965776,0.285514,0.0,0.193155
validation,6F4C_B,6F4C,B,363,31337,4,6F4C_B_s31337_n4,stage3/candidate_generation/candidates/validation/6F4C_B/seed_31337/6F4C_B_seed_31337_sample_4_model.cif,95.479996,0.965815,0.285426,0.0,0.193163
validation,6F4C_B,6F4C,B,363,31337,5,6F4C_B_s31337_n5,stage3/candidate_generation/candidates/validation/6F4C_B/seed_31337/6F4C_B_seed_31337_sample_5_model.cif,95.477646,0.965745,0.285288,0.0,0.193149
validation,6F4C_B,6F4C,B,363,42,1,6F4C_B_s42_n1,stage3/candidate_generation/candidates/validation/6F4C_B/seed_42/6F4C_B_seed_42_sample_1_model.cif,95.341057,0.964873,0.287982,0.0,0.192975
validation,6F4C_B,6F4C,B,363,42,2,6F4C_B_s42_n2,stage3/candidate_generation/candidates/validation/6F4C_B/seed_42/6F4C_B_seed_42_sample_2_model.cif,95.345871,0.964839,0.287577,0.0,0.192968
validation,6F4C_B,6F4C,B,363,42,3,6F4C_B_s42_n3,stage3/candidate_generation/candidates/validation/6F4C_B/seed_42/6F4C_B_seed_42_sample_3_model.cif,95.359581,0.964981,0.287031,0.0,0.192996
validation,6F4C_B,6F4C,B,363,42,4,6F4C_B_s42_n4,stage3/candidate_generation/candidates/validation/6F4C_B/seed_42/6F4C_B_seed_42_sample_4_model.cif,95.346039,0.964942,0.287554,0.0,0.192988
validation,6F4C_B,6F4C,B,363,42,5,6F4C_B_s42_n5,stage3/candidate_generation/candidates/validation/6F4C_B/seed_42/6F4C_B_seed_42_sample_5_model.cif,95.334427,0.964791,0.288176,0.0,0.192958
validation,6F4C_B,6F4C,B,363,7,1,6F4C_B_s7_n1,stage3/candidate_generation/candidates/validation/6F4C_B/seed_7/6F4C_B_seed_7_sample_1_model.cif,95.429001,0.965519,0.286828,0.0,0.193104
validation,6F4C_B,6F4C,B,363,7,2,6F4C_B_s7_n2,stage3/candidate_generation/candidates/validation/6F4C_B/seed_7/6F4C_B_seed_7_sample_2_model.cif,95.40509,0.965455,0.288029,0.0,0.193091
validation,6F4C_B,6F4C,B,363,7,3,6F4C_B_s7_n3,stage3/candidate_generation/candidates/validation/6F4C_B/seed_7/6F4C_B_seed_7_sample_3_model.cif,95.414604,0.965561,0.28788,0.0,0.193112
validation,6F4C_B,6F4C,B,363,7,4,6F4C_B_s7_n4,stage3/candidate_generation/candidates/validation/6F4C_B/seed_7/6F4C_B_seed_7_sample_4_model.cif,95.43187,0.965568,0.28687,0.0,0.193114
validation,6F4C_B,6F4C,B,363,7,5,6F4C_B_s7_n5,stage3/candidate_generation/candidates/validation/6F4C_B/seed_7/6F4C_B_seed_7_sample_5_model.cif,95.387703,0.965507,0.289022,0.0,0.193101
validation,7DU6_A,7DU6,A,91,123,1,7DU6_A_s123_n1,stage3/candidate_generation/candidates/validation/7DU6_A/seed_123/7DU6_A_seed_123_sample_1_model.cif,90.457481,0.883644,0.347528,0.0,0.176729
validation,7DU6_A,7DU6,A,91,123,2,7DU6_A_s123_n2,stage3/candidate_generation/candidates/validation/7DU6_A/seed_123/7DU6_A_seed_123_sample_2_model.cif,90.487877,0.88705,0.349814,0.0,0.17741
validation,7DU6_A,7DU6,A,91,123,3,7DU6_A_s123_n3,stage3/candidate_generation/candidates/validation/7DU6_A/seed_123/7DU6_A_seed_123_sample_3_model.cif,90.486618,0.885611,0.348712,0.0,0.177122
validation,7DU6_A,7DU6,A,91,123,4,7DU6_A_s123_n4,stage3/candidate_generation/candidates/validation/7DU6_A/seed_123/7DU6_A_seed_123_sample_4_model.cif,89.866486,0.878984,0.360935,0.0,0.175797
validation,7DU6_A,7DU6,A,91,123,5,7DU6_A_s123_n5,stage3/candidate_generation/candidates/validation/7DU6_A/seed_123/7DU6_A_seed_123_sample_5_model.cif,90.011078,0.879627,0.360575,0.0,0.175925
validation,7DU6_A,7DU6,A,91,2024,1,7DU6_A_s2024_n1,stage3/candidate_generation/candidates/validation/7DU6_A/seed_2024/7DU6_A_seed_2024_sample_1_model.cif,90.135353,0.876273,0.354,0.0,0.175255
validation,7DU6_A,7DU6,A,91,2024,2,7DU6_A_s2024_n2,stage3/candidate_generation/candidates/validation/7DU6_A/seed_2024/7DU6_A_seed_2024_sample_2_model.cif,90.251831,0.882146,0.352344,0.0,0.176429
validation,7DU6_A,7DU6,A,91,2024,3,7DU6_A_s2024_n3,stage3/candidate_generation/candidates/validation/7DU6_A/seed_2024/7DU6_A_seed_2024_sample_3_model.cif,90.403091,0.881537,0.349703,0.0,0.176307
validation,7DU6_A,7DU6,A,91,2024,4,7DU6_A_s2024_n4,stage3/candidate_generation/candidates/validation/7DU6_A/seed_2024/7DU6_A_seed_2024_sample_4_model.cif,90.17141,0.880255,0.352793,0.0,0.176051
validation,7DU6_A,7DU6,A,91,2024,5,7DU6_A_s2024_n5,stage3/candidate_generation/candidates/validation/7DU6_A/seed_2024/7DU6_A_seed_2024_sample_5_model.cif,90.378258,0.881441,0.348792,0.0,0.176288
validation,7DU6_A,7DU6,A,91,31337,1,7DU6_A_s31337_n1,stage3/candidate_generation/candidates/validation/7DU6_A/seed_31337/7DU6_A_seed_31337_sample_1_model.cif,90.363449,0.881049,0.349979,0.0,0.17621
validation,7DU6_A,7DU6,A,91,31337,2,7DU6_A_s31337_n2,stage3/candidate_generation/candidates/validation/7DU6_A/seed_31337/7DU6_A_seed_31337_sample_2_model.cif,90.264236,0.879709,0.351807,0.0,0.175942
validation,7DU6_A,7DU6,A,91,31337,3,7DU6_A_s31337_n3,stage3/candidate_generation/candidates/validation/7DU6_A/seed_31337/7DU6_A_seed_31337_sample_3_model.cif,90.006874,0.877687,0.357598,0.0,0.175537
validation,7DU6_A,7DU6,A,91,31337,4,7DU6_A_s31337_n4,stage3/candidate_generation/candidates/validation/7DU6_A/seed_31337/7DU6_A_seed_31337_sample_4_model.cif,90.197258,0.881789,0.356534,0.0,0.176358
validation,7DU6_A,7DU6,A,91,31337,5,7DU6_A_s31337_n5,stage3/candidate_generation/candidates/validation/7DU6_A/seed_31337/7DU6_A_seed_31337_sample_5_model.cif,90.344093,0.882351,0.349927,0.0,0.17647
validation,7DU6_A,7DU6,A,91,42,1,7DU6_A_s42_n1,stage3/candidate_generation/candidates/validation/7DU6_A/seed_42/7DU6_A_seed_42_sample_1_model.cif,90.329048,0.881415,0.351205,0.0,0.176283
validation,7DU6_A,7DU6,A,91,42,2,7DU6_A_s42_n2,stage3/candidate_generation/candidates/validation/7DU6_A/seed_42/7DU6_A_seed_42_sample_2_model.cif,89.658752,0.87403,0.362898,0.0,0.174806
validation,7DU6_A,7DU6,A,91,42,3,7DU6_A_s42_n3,stage3/candidate_generation/candidates/validation/7DU6_A/seed_42/7DU6_A_seed_42_sample_3_model.cif,90.332321,0.882669,0.348937,0.0,0.176534
validation,7DU6_A,7DU6,A,91,42,4,7DU6_A_s42_n4,stage3/candidate_generation/candidates/validation/7DU6_A/seed_42/7DU6_A_seed_42_sample_4_model.cif,90.26902,0.879395,0.351238,0.0,0.175879
validation,7DU6_A,7DU6,A,91,42,5,7DU6_A_s42_n5,stage3/candidate_generation/candidates/validation/7DU6_A/seed_42/7DU6_A_seed_42_sample_5_model.cif,90.262077,0.881849,0.349457,0.0,0.17637
validation,7DU6_A,7DU6,A,91,7,1,7DU6_A_s7_n1,stage3/candidate_generation/candidates/validation/7DU6_A/seed_7/7DU6_A_seed_7_sample_1_model.cif,90.253616,0.880047,0.350177,0.0,0.176009
validation,7DU6_A,7DU6,A,91,7,2,7DU6_A_s7_n2,stage3/candidate_generation/candidates/validation/7DU6_A/seed_7/7DU6_A_seed_7_sample_2_model.cif,90.131554,0.878178,0.355437,0.0,0.175636
validation,7DU6_A,7DU6,A,91,7,3,7DU6_A_s7_n3,stage3/candidate_generation/candidates/validation/7DU6_A/seed_7/7DU6_A_seed_7_sample_3_model.cif,90.2939,0.88237,0.354615,0.0,0.176474
validation,7DU6_A,7DU6,A,91,7,4,7DU6_A_s7_n4,stage3/candidate_generation/candidates/validation/7DU6_A/seed_7/7DU6_A_seed_7_sample_4_model.cif,90.339371,0.881419,0.350193,0.0,0.176284
validation,7DU6_A,7DU6,A,91,7,5,7DU6_A_s7_n5,stage3/candidate_generation/candidates/validation/7DU6_A/seed_7/7DU6_A_seed_7_sample_5_model.cif,90.358681,0.882367,0.34848,0.0,0.176473
validation,2NVH_A,2NVH,A,153,123,1,2NVH_A_s123_n1,stage3/candidate_generation/candidates/validation/2NVH_A/seed_123/2NVH_A_seed_123_sample_1_model.cif,90.869095,0.924183,0.356717,0.0,0.184837
validation,2NVH_A,2NVH,A,153,123,2,2NVH_A_s123_n2,stage3/candidate_generation/candidates/validation/2NVH_A/seed_123/2NVH_A_seed_123_sample_2_model.cif,90.362358,0.919341,0.366463,0.0,0.183868
validation,2NVH_A,2NVH,A,153,123,3,2NVH_A_s123_n3,stage3/candidate_generation/candidates/validation/2NVH_A/seed_123/2NVH_A_seed_123_sample_3_model.cif,90.531433,0.921237,0.361361,0.0,0.184247
validation,2NVH_A,2NVH,A,153,123,4,2NVH_A_s123_n4,stage3/candidate_generation/candidates/validation/2NVH_A/seed_123/2NVH_A_seed_123_sample_4_model.cif,90.825806,0.92385,0.357896,0.0,0.18477
validation,2NVH_A,2NVH,A,153,123,5,2NVH_A_s123_n5,stage3/candidate_generation/candidates/validation/2NVH_A/seed_123/2NVH_A_seed_123_sample_5_model.cif,90.842926,0.924267,0.356601,0.0,0.184853
validation,2NVH_A,2NVH,A,153,2024,1,2NVH_A_s2024_n1,stage3/candidate_generation/candidates/validation/2NVH_A/seed_2024/2NVH_A_seed_2024_sample_1_model.cif,90.792763,0.923827,0.35891,0.0,0.184765
validation,2NVH_A,2NVH,A,153,2024,2,2NVH_A_s2024_n2,stage3/candidate_generation/candidates/validation/2NVH_A/seed_2024/2NVH_A_seed_2024_sample_2_model.cif,90.756462,0.922874,0.360424,0.0,0.184575
validation,2NVH_A,2NVH,A,153,2024,3,2NVH_A_s2024_n3,stage3/candidate_generation/candidates/validation/2NVH_A/seed_2024/2NVH_A_seed_2024_sample_3_model.cif,90.828072,0.92363,0.358352,0.0,0.184726
validation,2NVH_A,2NVH,A,153,2024,4,2NVH_A_s2024_n4,stage3/candidate_generation/candidates/validation/2NVH_A/seed_2024/2NVH_A_seed_2024_sample_4_model.cif,90.90567,0.925074,0.355604,0.0,0.185015
validation,2NVH_A,2NVH,A,153,2024,5,2NVH_A_s2024_n5,stage3/candidate_generation/candidates/validation/2NVH_A/seed_2024/2NVH_A_seed_2024_sample_5_model.cif,90.810509,0.92405,0.357924,0.0,0.18481
validation,2NVH_A,2NVH,A,153,31337,1,2NVH_A_s31337_n1,stage3/candidate_generation/candidates/validation/2NVH_A/seed_31337/2NVH_A_seed_31337_sample_1_model.cif,90.44149,0.919515,0.367566,0.0,0.183903
validation,2NVH_A,2NVH,A,153,31337,2,2NVH_A_s31337_n2,stage3/candidate_generation/candidates/validation/2NVH_A/seed_31337/2NVH_A_seed_31337_sample_2_model.cif,90.694046,0.923289,0.359278,0.0,0.184658
validation,2NVH_A,2NVH,A,153,31337,3,2NVH_A_s31337_n3,stage3/candidate_generation/candidates/validation/2NVH_A/seed_31337/2NVH_A_seed_31337_sample_3_model.cif,90.83374,0.923933,0.357989,0.0,0.184787
validation,2NVH_A,2NVH,A,153,31337,4,2NVH_A_s31337_n4,stage3/candidate_generation/candidates/validation/2NVH_A/seed_31337/2NVH_A_seed_31337_sample_4_model.cif,90.844475,0.924402,0.356941,0.0,0.18488
validation,2NVH_A,2NVH,A,153,31337,5,2NVH_A_s31337_n5,stage3/candidate_generation/candidates/validation/2NVH_A/seed_31337/2NVH_A_seed_31337_sample_5_model.cif,90.766212,0.923152,0.359702,0.0,0.18463
validation,2NVH_A,2NVH,A,153,42,1,2NVH_A_s42_n1,stage3/candidate_generation/candidates/validation/2NVH_A/seed_42/2NVH_A_seed_42_sample_1_model.cif,90.542549,0.921756,0.362211,0.0,0.184351
validation,2NVH_A,2NVH,A,153,42,2,2NVH_A_s42_n2,stage3/candidate_generation/candidates/validation/2NVH_A/seed_42/2NVH_A_seed_42_sample_2_model.cif,90.930031,0.925173,0.355942,0.0,0.185035
validation,2NVH_A,2NVH,A,153,42,3,2NVH_A_s42_n3,stage3/candidate_generation/candidates/validation/2NVH_A/seed_42/2NVH_A_seed_42_sample_3_model.cif,90.859085,0.92424,0.35742,0.0,0.184848
validation,2NVH_A,2NVH,A,153,42,4,2NVH_A_s42_n4,stage3/candidate_generation/candidates/validation/2NVH_A/seed_42/2NVH_A_seed_42_sample_4_model.cif,90.945686,0.92523,0.354611,0.0,0.185046
validation,2NVH_A,2NVH,A,153,42,5,2NVH_A_s42_n5,stage3/candidate_generation/candidates/validation/2NVH_A/seed_42/2NVH_A_seed_42_sample_5_model.cif,90.727783,0.923675,0.357407,0.0,0.184735
validation,2NVH_A,2NVH,A,153,7,1,2NVH_A_s7_n1,stage3/candidate_generation/candidates/validation/2NVH_A/seed_7/2NVH_A_seed_7_sample_1_model.cif,90.947433,0.925236,0.355551,0.0,0.185047
validation,2NVH_A,2NVH,A,153,7,2,2NVH_A_s7_n2,stage3/candidate_generation/candidates/validation/2NVH_A/seed_7/2NVH_A_seed_7_sample_2_model.cif,90.822227,0.924111,0.358028,0.0,0.184822
validation,2NVH_A,2NVH,A,153,7,3,2NVH_A_s7_n3,stage3/candidate_generation/candidates/validation/2NVH_A/seed_7/2NVH_A_seed_7_sample_3_model.cif,90.908958,0.925712,0.353737,0.0,0.185142
validation,2NVH_A,2NVH,A,153,7,4,2NVH_A_s7_n4,stage3/candidate_generation/candidates/validation/2NVH_A/seed_7/2NVH_A_seed_7_sample_4_model.cif,91.048302,0.925685,0.353873,0.0,0.185137
validation,2NVH_A,2NVH,A,153,7,5,2NVH_A_s7_n5,stage3/candidate_generation/candidates/validation/2NVH_A/seed_7/2NVH_A_seed_7_sample_5_model.cif,90.900185,0.924234,0.356129,0.0,0.184847
validation,5JJO_A,5JJO,A,273,123,1,5JJO_A_s123_n1,stage3/candidate_generation/candidates/validation/5JJO_A/seed_123/5JJO_A_seed_123_sample_1_model.cif,87.419975,0.867264,0.393295,0.0,0.191768
validation,5JJO_A,5JJO,A,273,123,2,5JJO_A_s123_n2,stage3/candidate_generation/candidates/validation/5JJO_A/seed_123/5JJO_A_seed_123_sample_2_model.cif,87.491081,0.867741,0.393325,0.0,0.191863
validation,5JJO_A,5JJO,A,273,123,3,5JJO_A_s123_n3,stage3/candidate_generation/candidates/validation/5JJO_A/seed_123/5JJO_A_seed_123_sample_3_model.cif,87.454582,0.867331,0.393327,0.0,0.193613
validation,5JJO_A,5JJO,A,273,123,4,5JJO_A_s123_n4,stage3/candidate_generation/candidates/validation/5JJO_A/seed_123/5JJO_A_seed_123_sample_4_model.cif,87.472878,0.867409,0.390852,0.0,0.193628
validation,5JJO_A,5JJO,A,273,123,5,5JJO_A_s123_n5,stage3/candidate_generation/candidates/validation/5JJO_A/seed_123/5JJO_A_seed_123_sample_5_model.cif,87.329178,0.865028,0.397187,0.0,0.193152
validation,5JJO_A,5JJO,A,273,2024,1,5JJO_A_s2024_n1,stage3/candidate_generation/candidates/validation/5JJO_A/seed_2024/5JJO_A_seed_2024_sample_1_model.cif,87.404228,0.86881,0.390971,0.0,0.192077
validation,5JJO_A,5JJO,A,273,2024,2,5JJO_A_s2024_n2,stage3/candidate_generation/candidates/validation/5JJO_A/seed_2024/5JJO_A_seed_2024_sample_2_model.cif,87.310966,0.866982,0.393905,0.0,0.193543
validation,5JJO_A,5JJO,A,273,2024,3,5JJO_A_s2024_n3,stage3/candidate_generation/candidates/validation/5JJO_A/seed_2024/5JJO_A_seed_2024_sample_3_model.cif,87.335503,0.867142,0.393619,0.0,0.193575
validation,5JJO_A,5JJO,A,273,2024,4,5JJO_A_s2024_n4,stage3/candidate_generation/candidates/validation/5JJO_A/seed_2024/5JJO_A_seed_2024_sample_4_model.cif,87.277718,0.86675,0.395221,0.0,0.191665
validation,5JJO_A,5JJO,A,273,2024,5,5JJO_A_s2024_n5,stage3/candidate_generation/candidates/validation/5JJO_A/seed_2024/5JJO_A_seed_2024_sample_5_model.cif,87.412491,0.868393,0.391914,0.0,0.191994
validation,5JJO_A,5JJO,A,273,31337,1,5JJO_A_s31337_n1,stage3/candidate_generation/candidates/validation/5JJO_A/seed_31337/5JJO_A_seed_31337_sample_1_model.cif,87.500473,0.867848,0.391634,0.0,0.191885
validation,5JJO_A,5JJO,A,273,31337,2,5JJO_A_s31337_n2,stage3/candidate_generation/candidates/validation/5JJO_A/seed_31337/5JJO_A_seed_31337_sample_2_model.cif,87.377861,0.867182,0.39832,0.0,0.193583
validation,5JJO_A,5JJO,A,273,31337,3,5JJO_A_s31337_n3,stage3/candidate_generation/candidates/validation/5JJO_A/seed_31337/5JJO_A_seed_31337_sample_3_model.cif,87.53595,0.869783,0.392444,0.0,0.194103
validation,5JJO_A,5JJO,A,273,31337,4,5JJO_A_s31337_n4,stage3/candidate_generation/candidates/validation/5JJO_A/seed_31337/5JJO_A_seed_31337_sample_4_model.cif,87.4748,0.867493,0.393724,0.0,0.193645
validation,5JJO_A,5JJO,A,273,31337,5,5JJO_A_s31337_n5,stage3/candidate_generation/candidates/validation/5JJO_A/seed_31337/5JJO_A_seed_31337_sample_5_model.cif,87.603706,0.870279,0.389286,0.0,0.194202
validation,5JJO_A,5JJO,A,273,42,1,5JJO_A_s42_n1,stage3/candidate_generation/candidates/validation/5JJO_A/seed_42/5JJO_A_seed_42_sample_1_model.cif,87.120705,0.865453,0.397874,0.0,0.193237
validation,5JJO_A,5JJO,A,273,42,2,5JJO_A_s42_n2,stage3/candidate_generation/candidates/validation/5JJO_A/seed_42/5JJO_A_seed_42_sample_2_model.cif,87.061195,0.865668,0.402543,0.0,0.191449
validation,5JJO_A,5JJO,A,273,42,3,5JJO_A_s42_n3,stage3/candidate_generation/candidates/validation/5JJO_A/seed_42/5JJO_A_seed_42_sample_3_model.cif,86.987694,0.865862,0.4002,0.0,0.193319
validation,5JJO_A,5JJO,A,273,42,4,5JJO_A_s42_n4,stage3/candidate_generation/candidates/validation/5JJO_A/seed_42/5JJO_A_seed_42_sample_4_model.cif,87.133957,0.866592,0.39775,0.0,0.193465
validation,5JJO_A,5JJO,A,273,42,5,5JJO_A_s42_n5,stage3/candidate_generation/candidates/validation/5JJO_A/seed_42/5JJO_A_seed_42_sample_5_model.cif,86.995033,0.866686,0.398134,0.0,0.193484
validation,5JJO_A,5JJO,A,273,7,1,5JJO_A_s7_n1,stage3/candidate_generation/candidates/validation/5JJO_A/seed_7/5JJO_A_seed_7_sample_1_model.cif,87.904037,0.874594,0.383607,0.0,0.195065
validation,5JJO_A,5JJO,A,273,7,2,5JJO_A_s7_n2,stage3/candidate_generation/candidates/validation/5JJO_A/seed_7/5JJO_A_seed_7_sample_2_model.cif,88.04567,0.877791,0.382932,0.0,0.195705
validation,5JJO_A,5JJO,A,273,7,3,5JJO_A_s7_n3,stage3/candidate_generation/candidates/validation/5JJO_A/seed_7/5JJO_A_seed_7_sample_3_model.cif,87.796387,0.87282,0.386021,0.0,0.192879
validation,5JJO_A,5JJO,A,273,7,4,5JJO_A_s7_n4,stage3/candidate_generation/candidates/validation/5JJO_A/seed_7/5JJO_A_seed_7_sample_4_model.cif,87.86441,0.874383,0.383837,0.0,0.195023
validation,5JJO_A,5JJO,A,273,7,5,5JJO_A_s7_n5,stage3/candidate_generation/candidates/validation/5JJO_A/seed_7/5JJO_A_seed_7_sample_5_model.cif,88.022827,0.876881,0.379932,0.0,0.193691
validation,1PTF_A,1PTF,A,88,123,1,1PTF_A_s123_n1,stage3/candidate_generation/candidates/validation/1PTF_A/seed_123/1PTF_A_seed_123_sample_1_model.cif,92.566589,0.911204,0.314436,0.0,0.182241
validation,1PTF_A,1PTF,A,88,123,2,1PTF_A_s123_n2,stage3/candidate_generation/candidates/validation/1PTF_A/seed_123/1PTF_A_seed_123_sample_2_model.cif,92.510818,0.910426,0.315978,0.0,0.182085
validation,1PTF_A,1PTF,A,88,123,3,1PTF_A_s123_n3,stage3/candidate_generation/candidates/validation/1PTF_A/seed_123/1PTF_A_seed_123_sample_3_model.cif,92.623177,0.912381,0.314418,0.0,0.182476
validation,1PTF_A,1PTF,A,88,123,4,1PTF_A_s123_n4,stage3/candidate_generation/candidates/validation/1PTF_A/seed_123/1PTF_A_seed_123_sample_4_model.cif,92.682007,0.91243,0.313907,0.0,0.182486
validation,1PTF_A,1PTF,A,88,123,5,1PTF_A_s123_n5,stage3/candidate_generation/candidates/validation/1PTF_A/seed_123/1PTF_A_seed_123_sample_5_model.cif,92.602943,0.911665,0.314373,0.0,0.182333
validation,1PTF_A,1PTF,A,88,2024,1,1PTF_A_s2024_n1,stage3/candidate_generation/candidates/validation/1PTF_A/seed_2024/1PTF_A_seed_2024_sample_1_model.cif,92.115051,0.906621,0.323294,0.0,0.181324
validation,1PTF_A,1PTF,A,88,2024,2,1PTF_A_s2024_n2,stage3/candidate_generation/candidates/validation/1PTF_A/seed_2024/1PTF_A_seed_2024_sample_2_model.cif,92.206902,0.906801,0.322815,0.0,0.18136
validation,1PTF_A,1PTF,A,88,2024,3,1PTF_A_s2024_n3,stage3/candidate_generation/candidates/validation/1PTF_A/seed_2024/1PTF_A_seed_2024_sample_3_model.cif,92.206879,0.906566,0.322508,0.0,0.181313
validation,1PTF_A,1PTF,A,88,2024,4,1PTF_A_s2024_n4,stage3/candidate_generation/candidates/validation/1PTF_A/seed_2024/1PTF_A_seed_2024_sample_4_model.cif,92.242058,0.908521,0.321943,0.0,0.181704
validation,1PTF_A,1PTF,A,88,2024,5,1PTF_A_s2024_n5,stage3/candidate_generation/candidates/validation/1PTF_A/seed_2024/1PTF_A_seed_2024_sample_5_model.cif,92.214905,0.906979,0.322514,0.0,0.181396
validation,1PTF_A,1PTF,A,88,31337,1,1PTF_A_s31337_n1,stage3/candidate_generation/candidates/validation/1PTF_A/seed_31337/1PTF_A_seed_31337_sample_1_model.cif,92.323822,0.907906,0.318381,0.0,0.181581
validation,1PTF_A,1PTF,A,88,31337,2,1PTF_A_s31337_n2,stage3/candidate_generation/candidates/validation/1PTF_A/seed_31337/1PTF_A_seed_31337_sample_2_model.cif,92.498695,0.910634,0.31694,0.0,0.182127
validation,1PTF_A,1PTF,A,88,31337,3,1PTF_A_s31337_n3,stage3/candidate_generation/candidates/validation/1PTF_A/seed_31337/1PTF_A_seed_31337_sample_3_model.cif,92.393272,0.908796,0.31814,0.0,0.181759
validation,1PTF_A,1PTF,A,88,31337,4,1PTF_A_s31337_n4,stage3/candidate_generation/candidates/validation/1PTF_A/seed_31337/1PTF_A_seed_31337_sample_4_model.cif,92.433052,0.909147,0.317709,0.0,0.181829
validation,1PTF_A,1PTF,A,88,31337,5,1PTF_A_s31337_n5,stage3/candidate_generation/candidates/validation/1PTF_A/seed_31337/1PTF_A_seed_31337_sample_5_model.cif,92.488556,0.909715,0.317215,0.0,0.181943
validation,1PTF_A,1PTF,A,88,42,1,1PTF_A_s42_n1,stage3/candidate_generation/candidates/validation/1PTF_A/seed_42/1PTF_A_seed_42_sample_1_model.cif,92.032677,0.904546,0.327451,0.0,0.180909
validation,1PTF_A,1PTF,A,88,42,2,1PTF_A_s42_n2,stage3/candidate_generation/candidates/validation/1PTF_A/seed_42/1PTF_A_seed_42_sample_2_model.cif,92.111336,0.90496,0.326331,0.0,0.180992
validation,1PTF_A,1PTF,A,88,42,3,1PTF_A_s42_n3,stage3/candidate_generation/candidates/validation/1PTF_A/seed_42/1PTF_A_seed_42_sample_3_model.cif,92.035706,0.903883,0.326051,0.0,0.180777
validation,1PTF_A,1PTF,A,88,42,4,1PTF_A_s42_n4,stage3/candidate_generation/candidates/validation/1PTF_A/seed_42/1PTF_A_seed_42_sample_4_model.cif,92.005493,0.903532,0.325789,0.0,0.180706
validation,1PTF_A,1PTF,A,88,42,5,1PTF_A_s42_n5,stage3/candidate_generation/candidates/validation/1PTF_A/seed_42/1PTF_A_seed_42_sample_5_model.cif,92.064301,0.904421,0.326214,0.0,0.180884
validation,1PTF_A,1PTF,A,88,7,1,1PTF_A_s7_n1,stage3/candidate_generation/candidates/validation/1PTF_A/seed_7/1PTF_A_seed_7_sample_1_model.cif,92.242737,0.90478,0.320586,0.0,0.180956
validation,1PTF_A,1PTF,A,88,7,2,1PTF_A_s7_n2,stage3/candidate_generation/candidates/validation/1PTF_A/seed_7/1PTF_A_seed_7_sample_2_model.cif,92.248604,0.904337,0.320419,0.0,0.180867
validation,1PTF_A,1PTF,A,88,7,3,1PTF_A_s7_n3,stage3/candidate_generation/candidates/validation/1PTF_A/seed_7/1PTF_A_seed_7_sample_3_model.cif,92.328941,0.905828,0.319708,0.0,0.181166
validation,1PTF_A,1PTF,A,88,7,4,1PTF_A_s7_n4,stage3/candidate_generation/candidates/validation/1PTF_A/seed_7/1PTF_A_seed_7_sample_4_model.cif,92.32402,0.905752,0.319974,0.0,0.18115
validation,1PTF_A,1PTF,A,88,7,5,1PTF_A_s7_n5,stage3/candidate_generation/candidates/validation/1PTF_A/seed_7/1PTF_A_seed_7_sample_5_model.cif,92.285324,0.904914,0.319916,0.0,0.180983
validation,7EHF_A,7EHF,A,217,123,1,7EHF_A_s123_n1,stage3/candidate_generation/candidates/validation/7EHF_A/seed_123/7EHF_A_seed_123_sample_1_model.cif,85.091049,0.895314,0.464093,0.0,0.179063
validation,7EHF_A,7EHF,A,217,123,2,7EHF_A_s123_n2,stage3/candidate_generation/candidates/validation/7EHF_A/seed_123/7EHF_A_seed_123_sample_2_model.cif,85.368172,0.897993,0.460804,0.0,0.179599
validation,7EHF_A,7EHF,A,217,123,3,7EHF_A_s123_n3,stage3/candidate_generation/candidates/validation/7EHF_A/seed_123/7EHF_A_seed_123_sample_3_model.cif,85.382072,0.897534,0.456389,0.0,0.179507
validation,7EHF_A,7EHF,A,217,123,4,7EHF_A_s123_n4,stage3/candidate_generation/candidates/validation/7EHF_A/seed_123/7EHF_A_seed_123_sample_4_model.cif,85.135994,0.896037,0.462387,0.0,0.179207
validation,7EHF_A,7EHF,A,217,123,5,7EHF_A_s123_n5,stage3/candidate_generation/candidates/validation/7EHF_A/seed_123/7EHF_A_seed_123_sample_5_model.cif,85.285469,0.89634,0.462659,0.0,0.179268
validation,7EHF_A,7EHF,A,217,2024,1,7EHF_A_s2024_n1,stage3/candidate_generation/candidates/validation/7EHF_A/seed_2024/7EHF_A_seed_2024_sample_1_model.cif,85.154381,0.893658,0.46691,0.0,0.178732
validation,7EHF_A,7EHF,A,217,2024,2,7EHF_A_s2024_n2,stage3/candidate_generation/candidates/validation/7EHF_A/seed_2024/7EHF_A_seed_2024_sample_2_model.cif,85.016289,0.89259,0.467834,0.0,0.178518
validation,7EHF_A,7EHF,A,217,2024,3,7EHF_A_s2024_n3,stage3/candidate_generation/candidates/validation/7EHF_A/seed_2024/7EHF_A_seed_2024_sample_3_model.cif,85.073624,0.892524,0.47005,0.0,0.178505
validation,7EHF_A,7EHF,A,217,2024,4,7EHF_A_s2024_n4,stage3/candidate_generation/candidates/validation/7EHF_A/seed_2024/7EHF_A_seed_2024_sample_4_model.cif,85.103828,0.893626,0.467495,0.0,0.178725
validation,7EHF_A,7EHF,A,217,2024,5,7EHF_A_s2024_n5,stage3/candidate_generation/candidates/validation/7EHF_A/seed_2024/7EHF_A_seed_2024_sample_5_model.cif,85.292183,0.895147,0.46535,0.0,0.179029
validation,7EHF_A,7EHF,A,217,31337,1,7EHF_A_s31337_n1,stage3/candidate_generation/candidates/validation/7EHF_A/seed_31337/7EHF_A_seed_31337_sample_1_model.cif,84.949722,0.893494,0.462955,0.0,0.178699
validation,7EHF_A,7EHF,A,217,31337,2,7EHF_A_s31337_n2,stage3/candidate_generation/candidates/validation/7EHF_A/seed_31337/7EHF_A_seed_31337_sample_2_model.cif,85.169632,0.89511,0.462069,0.0,0.179022
validation,7EHF_A,7EHF,A,217,31337,3,7EHF_A_s31337_n3,stage3/candidate_generation/candidates/validation/7EHF_A/seed_31337/7EHF_A_seed_31337_sample_3_model.cif,85.037804,0.894072,0.463546,0.0,0.178814
validation,7EHF_A,7EHF,A,217,31337,4,7EHF_A_s31337_n4,stage3/candidate_generation/candidates/validation/7EHF_A/seed_31337/7EHF_A_seed_31337_sample_4_model.cif,84.761055,0.8917,0.470613,0.0,0.17834
validation,7EHF_A,7EHF,A,217,31337,5,7EHF_A_s31337_n5,stage3/candidate_generation/candidates/validation/7EHF_A/seed_31337/7EHF_A_seed_31337_sample_5_model.cif,85.059036,0.895337,0.457511,0.0,0.179067
validation,7EHF_A,7EHF,A,217,42,1,7EHF_A_s42_n1,stage3/candidate_generation/candidates/validation/7EHF_A/seed_42/7EHF_A_seed_42_sample_1_model.cif,85.222649,0.895987,0.4652,0.0,0.179197
validation,7EHF_A,7EHF,A,217,42,2,7EHF_A_s42_n2,stage3/candidate_generation/candidates/validation/7EHF_A/seed_42/7EHF_A_seed_42_sample_2_model.cif,85.187279,0.89571,0.46238,0.0,0.179142
validation,7EHF_A,7EHF,A,217,42,3,7EHF_A_s42_n3,stage3/candidate_generation/candidates/validation/7EHF_A/seed_42/7EHF_A_seed_42_sample_3_model.cif,85.232018,0.89603,0.466237,0.0,0.179206
validation,7EHF_A,7EHF,A,217,42,4,7EHF_A_s42_n4,stage3/candidate_generation/candidates/validation/7EHF_A/seed_42/7EHF_A_seed_42_sample_4_model.cif,85.378258,0.897436,0.462509,0.0,0.179487
validation,7EHF_A,7EHF,A,217,42,5,7EHF_A_s42_n5,stage3/candidate_generation/candidates/validation/7EHF_A/seed_42/7EHF_A_seed_42_sample_5_model.cif,85.27607,0.89653,0.465214,0.0,0.179306
validation,7EHF_A,7EHF,A,217,7,1,7EHF_A_s7_n1,stage3/candidate_generation/candidates/validation/7EHF_A/seed_7/7EHF_A_seed_7_sample_1_model.cif,85.142181,0.895212,0.45737,0.0,0.179042
validation,7EHF_A,7EHF,A,217,7,2,7EHF_A_s7_n2,stage3/candidate_generation/candidates/validation/7EHF_A/seed_7/7EHF_A_seed_7_sample_2_model.cif,85.291885,0.896709,0.457392,0.0,0.179342
validation,7EHF_A,7EHF,A,217,7,3,7EHF_A_s7_n3,stage3/candidate_generation/candidates/validation/7EHF_A/seed_7/7EHF_A_seed_7_sample_3_model.cif,85.334053,0.897449,0.453156,0.0,0.17949
validation,7EHF_A,7EHF,A,217,7,4,7EHF_A_s7_n4,stage3/candidate_generation/candidates/validation/7EHF_A/seed_7/7EHF_A_seed_7_sample_4_model.cif,85.166626,0.894983,0.45857,0.0,0.178997
validation,7EHF_A,7EHF,A,217,7,5,7EHF_A_s7_n5,stage3/candidate_generation/candidates/validation/7EHF_A/seed_7/7EHF_A_seed_7_sample_5_model.cif,85.00135,0.894275,0.461034,0.0,0.178855
validation,6YZE_A,6YZE,A,336,123,1,6YZE_A_s123_n1,stage3/candidate_generation/candidates/validation/6YZE_A/seed_123/6YZE_A_seed_123_sample_1_model.cif,93.311501,0.9508,0.301013,0.0,0.19016
validation,6YZE_A,6YZE,A,336,123,2,6YZE_A_s123_n2,stage3/candidate_generation/candidates/validation/6YZE_A/seed_123/6YZE_A_seed_123_sample_2_model.cif,93.232697,0.950835,0.302501,0.0,0.190167
validation,6YZE_A,6YZE,A,336,123,3,6YZE_A_s123_n3,stage3/candidate_generation/candidates/validation/6YZE_A/seed_123/6YZE_A_seed_123_sample_3_model.cif,93.293915,0.950296,0.301215,0.0,0.190059
validation,6YZE_A,6YZE,A,336,123,4,6YZE_A_s123_n4,stage3/candidate_generation/candidates/validation/6YZE_A/seed_123/6YZE_A_seed_123_sample_4_model.cif,93.336952,0.950733,0.300727,0.0,0.190147
validation,6YZE_A,6YZE,A,336,123,5,6YZE_A_s123_n5,stage3/candidate_generation/candidates/validation/6YZE_A/seed_123/6YZE_A_seed_123_sample_5_model.cif,93.342865,0.951107,0.300687,0.0,0.190221
validation,6YZE_A,6YZE,A,336,2024,1,6YZE_A_s2024_n1,stage3/candidate_generation/candidates/validation/6YZE_A/seed_2024/6YZE_A_seed_2024_sample_1_model.cif,93.259041,0.949274,0.303125,0.0,0.189855
validation,6YZE_A,6YZE,A,336,2024,2,6YZE_A_s2024_n2,stage3/candidate_generation/candidates/validation/6YZE_A/seed_2024/6YZE_A_seed_2024_sample_2_model.cif,93.249077,0.94968,0.303812,0.0,0.189936
validation,6YZE_A,6YZE,A,336,2024,3,6YZE_A_s2024_n3,stage3/candidate_generation/candidates/validation/6YZE_A/seed_2024/6YZE_A_seed_2024_sample_3_model.cif,93.279808,0.949955,0.303097,0.0,0.189991
validation,6YZE_A,6YZE,A,336,2024,4,6YZE_A_s2024_n4,stage3/candidate_generation/candidates/validation/6YZE_A/seed_2024/6YZE_A_seed_2024_sample_4_model.cif,93.272621,0.949168,0.302808,0.0,0.189834
validation,6YZE_A,6YZE,A,336,2024,5,6YZE_A_s2024_n5,stage3/candidate_generation/candidates/validation/6YZE_A/seed_2024/6YZE_A_seed_2024_sample_5_model.cif,93.275345,0.949899,0.302941,0.0,0.18998
validation,6YZE_A,6YZE,A,336,31337,1,6YZE_A_s31337_n1,stage3/candidate_generation/candidates/validation/6YZE_A/seed_31337/6YZE_A_seed_31337_sample_1_model.cif,92.58371,0.94462,0.3167,0.0,0.188924
validation,6YZE_A,6YZE,A,336,31337,2,6YZE_A_s31337_n2,stage3/candidate_generation/candidates/validation/6YZE_A/seed_31337/6YZE_A_seed_31337_sample_2_model.cif,92.650558,0.945342,0.315701,0.0,0.189068
validation,6YZE_A,6YZE,A,336,31337,3,6YZE_A_s31337_n3,stage3/candidate_generation/candidates/validation/6YZE_A/seed_31337/6YZE_A_seed_31337_sample_3_model.cif,92.54232,0.943825,0.316503,0.0,0.188765
validation,6YZE_A,6YZE,A,336,31337,4,6YZE_A_s31337_n4,stage3/candidate_generation/candidates/validation/6YZE_A/seed_31337/6YZE_A_seed_31337_sample_4_model.cif,92.530411,0.943871,0.317238,0.0,0.188774
validation,6YZE_A,6YZE,A,336,31337,5,6YZE_A_s31337_n5,stage3/candidate_generation/candidates/validation/6YZE_A/seed_31337/6YZE_A_seed_31337_sample_5_model.cif,92.598053,0.944511,0.31608,0.0,0.188902
validation,6YZE_A,6YZE,A,336,42,1,6YZE_A_s42_n1,stage3/candidate_generation/candidates/validation/6YZE_A/seed_42/6YZE_A_seed_42_sample_1_model.cif,93.001266,0.95028,0.307744,0.0,0.190056
validation,6YZE_A,6YZE,A,336,42,2,6YZE_A_s42_n2,stage3/candidate_generation/candidates/validation/6YZE_A/seed_42/6YZE_A_seed_42_sample_2_model.cif,92.977257,0.950455,0.307861,0.0,0.190091
validation,6YZE_A,6YZE,A,336,42,3,6YZE_A_s42_n3,stage3/candidate_generation/candidates/validation/6YZE_A/seed_42/6YZE_A_seed_42_sample_3_model.cif,92.964455,0.950455,0.308354,0.0,0.190091
validation,6YZE_A,6YZE,A,336,42,4,6YZE_A_s42_n4,stage3/candidate_generation/candidates/validation/6YZE_A/seed_42/6YZE_A_seed_42_sample_4_model.cif,93.004768,0.951237,0.307972,0.0,0.190247
validation,6YZE_A,6YZE,A,336,42,5,6YZE_A_s42_n5,stage3/candidate_generation/candidates/validation/6YZE_A/seed_42/6YZE_A_seed_42_sample_5_model.cif,93.014824,0.95102,0.307711,0.0,0.190204
validation,6YZE_A,6YZE,A,336,7,1,6YZE_A_s7_n1,stage3/candidate_generation/candidates/validation/6YZE_A/seed_7/6YZE_A_seed_7_sample_1_model.cif,91.730583,0.946818,0.346622,0.0,0.189364
validation,6YZE_A,6YZE,A,336,7,2,6YZE_A_s7_n2,stage3/candidate_generation/candidates/validation/6YZE_A/seed_7/6YZE_A_seed_7_sample_2_model.cif,91.588921,0.946236,0.348138,0.0,0.189247
validation,6YZE_A,6YZE,A,336,7,3,6YZE_A_s7_n3,stage3/candidate_generation/candidates/validation/6YZE_A/seed_7/6YZE_A_seed_7_sample_3_model.cif,91.668976,0.946858,0.347639,0.0,0.189372
validation,6YZE_A,6YZE,A,336,7,4,6YZE_A_s7_n4,stage3/candidate_generation/candidates/validation/6YZE_A/seed_7/6YZE_A_seed_7_sample_4_model.cif,91.584831,0.9466,0.348916,0.0,0.18932
validation,6YZE_A,6YZE,A,336,7,5,6YZE_A_s7_n5,stage3/candidate_generation/candidates/validation/6YZE_A/seed_7/6YZE_A_seed_7_sample_5_model.cif,91.682884,0.946371,0.348585,0.0,0.189274
validation,1JN3_A,1JN3,A,251,123,1,1JN3_A_s123_n1,stage3/candidate_generation/candidates/validation/1JN3_A/seed_123/1JN3_A_seed_123_sample_1_model.cif,89.188461,0.888993,0.361946,0.0,0.177799
validation,1JN3_A,1JN3,A,251,123,2,1JN3_A_s123_n2,stage3/candidate_generation/candidates/validation/1JN3_A/seed_123/1JN3_A_seed_123_sample_2_model.cif,89.185867,0.889318,0.361813,0.0,0.177864
validation,1JN3_A,1JN3,A,251,123,3,1JN3_A_s123_n3,stage3/candidate_generation/candidates/validation/1JN3_A/seed_123/1JN3_A_seed_123_sample_3_model.cif,89.295868,0.889747,0.3597,0.0,0.177949
validation,1JN3_A,1JN3,A,251,123,4,1JN3_A_s123_n4,stage3/candidate_generation/candidates/validation/1JN3_A/seed_123/1JN3_A_seed_123_sample_4_model.cif,89.376816,0.890371,0.358253,0.0,0.178074
validation,1JN3_A,1JN3,A,251,123,5,1JN3_A_s123_n5,stage3/candidate_generation/candidates/validation/1JN3_A/seed_123/1JN3_A_seed_123_sample_5_model.cif,89.185371,0.889286,0.361462,0.0,0.177857
validation,1JN3_A,1JN3,A,251,2024,1,1JN3_A_s2024_n1,stage3/candidate_generation/candidates/validation/1JN3_A/seed_2024/1JN3_A_seed_2024_sample_1_model.cif,89.979401,0.897765,0.347816,0.0,0.179553
validation,1JN3_A,1JN3,A,251,2024,2,1JN3_A_s2024_n2,stage3/candidate_generation/candidates/validation/1JN3_A/seed_2024/1JN3_A_seed_2024_sample_2_model.cif,89.886299,0.896964,0.349388,0.0,0.179393
validation,1JN3_A,1JN3,A,251,2024,3,1JN3_A_s2024_n3,stage3/candidate_generation/candidates/validation/1JN3_A/seed_2024/1JN3_A_seed_2024_sample_3_model.cif,89.937988,0.897227,0.34857,0.0,0.179445
validation,1JN3_A,1JN3,A,251,2024,4,1JN3_A_s2024_n4,stage3/candidate_generation/candidates/validation/1JN3_A/seed_2024/1JN3_A_seed_2024_sample_4_model.cif,89.935974,0.897549,0.348647,0.0,0.17951
validation,1JN3_A,1JN3,A,251,2024,5,1JN3_A_s2024_n5,stage3/candidate_generation/candidates/validation/1JN3_A/seed_2024/1JN3_A_seed_2024_sample_5_model.cif,89.945869,0.897814,0.348292,0.0,0.179563
validation,1JN3_A,1JN3,A,251,31337,1,1JN3_A_s31337_n1,stage3/candidate_generation/candidates/validation/1JN3_A/seed_31337/1JN3_A_seed_31337_sample_1_model.cif,89.345566,0.889709,0.36041,0.0,0.177942
validation,1JN3_A,1JN3,A,251,31337,2,1JN3_A_s31337_n2,stage3/candidate_generation/candidates/validation/1JN3_A/seed_31337/1JN3_A_seed_31337_sample_2_model.cif,89.354134,0.889981,0.359987,0.0,0.177996
validation,1JN3_A,1JN3,A,251,31337,3,1JN3_A_s31337_n3,stage3/candidate_generation/candidates/validation/1JN3_A/seed_31337/1JN3_A_seed_31337_sample_3_model.cif,89.231163,0.888344,0.3622,0.0,0.177669
validation,1JN3_A,1JN3,A,251,31337,4,1JN3_A_s31337_n4,stage3/candidate_generation/candidates/validation/1JN3_A/seed_31337/1JN3_A_seed_31337_sample_4_model.cif,89.333794,0.89007,0.360248,0.0,0.178014
validation,1JN3_A,1JN3,A,251,31337,5,1JN3_A_s31337_n5,stage3/candidate_generation/candidates/validation/1JN3_A/seed_31337/1JN3_A_seed_31337_sample_5_model.cif,89.252831,0.888962,0.361561,0.0,0.177792
validation,1JN3_A,1JN3,A,251,42,1,1JN3_A_s42_n1,stage3/candidate_generation/candidates/validation/1JN3_A/seed_42/1JN3_A_seed_42_sample_1_model.cif,89.306206,0.891653,0.359649,0.0,0.178331
validation,1JN3_A,1JN3,A,251,42,2,1JN3_A_s42_n2,stage3/candidate_generation/candidates/validation/1JN3_A/seed_42/1JN3_A_seed_42_sample_2_model.cif,89.411926,0.892538,0.358149,0.0,0.178508
validation,1JN3_A,1JN3,A,251,42,3,1JN3_A_s42_n3,stage3/candidate_generation/candidates/validation/1JN3_A/seed_42/1JN3_A_seed_42_sample_3_model.cif,89.362396,0.892184,0.358375,0.0,0.178437
validation,1JN3_A,1JN3,A,251,42,4,1JN3_A_s42_n4,stage3/candidate_generation/candidates/validation/1JN3_A/seed_42/1JN3_A_seed_42_sample_4_model.cif,89.279465,0.891582,0.359691,0.0,0.178316
validation,1JN3_A,1JN3,A,251,42,5,1JN3_A_s42_n5,stage3/candidate_generation/candidates/validation/1JN3_A/seed_42/1JN3_A_seed_42_sample_5_model.cif,89.452797,0.892684,0.357431,0.0,0.178537
validation,1JN3_A,1JN3,A,251,7,1,1JN3_A_s7_n1,stage3/candidate_generation/candidates/validation/1JN3_A/seed_7/1JN3_A_seed_7_sample_1_model.cif,89.320084,0.891727,0.360077,0.0,0.178345
validation,1JN3_A,1JN3,A,251,7,2,1JN3_A_s7_n2,stage3/candidate_generation/candidates/validation/1JN3_A/seed_7/1JN3_A_seed_7_sample_2_model.cif,89.368164,0.891328,0.359147,0.0,0.178266
validation,1JN3_A,1JN3,A,251,7,3,1JN3_A_s7_n3,stage3/candidate_generation/candidates/validation/1JN3_A/seed_7/1JN3_A_seed_7_sample_3_model.cif,89.275612,0.890745,0.361444,0.0,0.178149
validation,1JN3_A,1JN3,A,251,7,4,1JN3_A_s7_n4,stage3/candidate_generation/candidates/validation/1JN3_A/seed_7/1JN3_A_seed_7_sample_4_model.cif,89.319168,0.891285,0.360006,0.0,0.178257
validation,1JN3_A,1JN3,A,251,7,5,1JN3_A_s7_n5,stage3/candidate_generation/candidates/validation/1JN3_A/seed_7/1JN3_A_seed_7_sample_5_model.cif,89.381157,0.892046,0.358724,0.0,0.178409
validation,8PAZ_A,8PAZ,A,123,123,1,8PAZ_A_s123_n1,stage3/candidate_generation/candidates/validation/8PAZ_A/seed_123/8PAZ_A_seed_123_sample_1_model.cif,93.585915,0.945585,0.298024,0.0,0.189117
validation,8PAZ_A,8PAZ,A,123,123,2,8PAZ_A_s123_n2,stage3/candidate_generation/candidates/validation/8PAZ_A/seed_123/8PAZ_A_seed_123_sample_2_model.cif,93.655884,0.946001,0.29731,0.0,0.1892
validation,8PAZ_A,8PAZ,A,123,123,3,8PAZ_A_s123_n3,stage3/candidate_generation/candidates/validation/8PAZ_A/seed_123/8PAZ_A_seed_123_sample_3_model.cif,93.644524,0.945956,0.297186,0.0,0.189191
validation,8PAZ_A,8PAZ,A,123,123,4,8PAZ_A_s123_n4,stage3/candidate_generation/candidates/validation/8PAZ_A/seed_123/8PAZ_A_seed_123_sample_4_model.cif,93.643982,0.945982,0.297193,0.0,0.189196
validation,8PAZ_A,8PAZ,A,123,123,5,8PAZ_A_s123_n5,stage3/candidate_generation/candidates/validation/8PAZ_A/seed_123/8PAZ_A_seed_123_sample_5_model.cif,93.660118,0.946092,0.297072,0.0,0.189218
validation,8PAZ_A,8PAZ,A,123,2024,1,8PAZ_A_s2024_n1,stage3/candidate_generation/candidates/validation/8PAZ_A/seed_2024/8PAZ_A_seed_2024_sample_1_model.cif,93.687599,0.946621,0.296483,0.0,0.189324
validation,8PAZ_A,8PAZ,A,123,2024,2,8PAZ_A_s2024_n2,stage3/candidate_generation/candidates/validation/8PAZ_A/seed_2024/8PAZ_A_seed_2024_sample_2_model.cif,93.683945,0.946765,0.296291,0.0,0.189353
validation,8PAZ_A,8PAZ,A,123,2024,3,8PAZ_A_s2024_n3,stage3/candidate_generation/candidates/validation/8PAZ_A/seed_2024/8PAZ_A_seed_2024_sample_3_model.cif,93.660164,0.946434,0.296583,0.0,0.189287
validation,8PAZ_A,8PAZ,A,123,2024,4,8PAZ_A_s2024_n4,stage3/candidate_generation/candidates/validation/8PAZ_A/seed_2024/8PAZ_A_seed_2024_sample_4_model.cif,93.669991,0.946837,0.296375,0.0,0.189367
validation,8PAZ_A,8PAZ,A,123,2024,5,8PAZ_A_s2024_n5,stage3/candidate_generation/candidates/validation/8PAZ_A/seed_2024/8PAZ_A_seed_2024_sample_5_model.cif,93.686317,0.946817,0.296205,0.0,0.189363
validation,8PAZ_A,8PAZ,A,123,31337,1,8PAZ_A_s31337_n1,stage3/candidate_generation/candidates/validation/8PAZ_A/seed_31337/8PAZ_A_seed_31337_sample_1_model.cif,93.663391,0.948068,0.296192,0.0,0.189614
validation,8PAZ_A,8PAZ,A,123,31337,2,8PAZ_A_s31337_n2,stage3/candidate_generation/candidates/validation/8PAZ_A/seed_31337/8PAZ_A_seed_31337_sample_2_model.cif,93.628258,0.94753,0.296936,0.0,0.189506
validation,8PAZ_A,8PAZ,A,123,31337,3,8PAZ_A_s31337_n3,stage3/candidate_generation/candidates/validation/8PAZ_A/seed_31337/8PAZ_A_seed_31337_sample_3_model.cif,93.651726,0.947924,0.296501,0.0,0.189585
validation,8PAZ_A,8PAZ,A,123,31337,4,8PAZ_A_s31337_n4,stage3/candidate_generation/candidates/validation/8PAZ_A/seed_31337/8PAZ_A_seed_31337_sample_4_model.cif,93.649513,0.947906,0.296469,0.0,0.189581
validation,8PAZ_A,8PAZ,A,123,31337,5,8PAZ_A_s31337_n5,stage3/candidate_generation/candidates/validation/8PAZ_A/seed_31337/8PAZ_A_seed_31337_sample_5_model.cif,93.630569,0.94754,0.29671,0.0,0.189508
validation,8PAZ_A,8PAZ,A,123,42,1,8PAZ_A_s42_n1,stage3/candidate_generation/candidates/validation/8PAZ_A/seed_42/8PAZ_A_seed_42_sample_1_model.cif,93.689484,0.946808,0.296203,0.0,0.189362
validation,8PAZ_A,8PAZ,A,123,42,2,8PAZ_A_s42_n2,stage3/candidate_generation/candidates/validation/8PAZ_A/seed_42/8PAZ_A_seed_42_sample_2_model.cif,93.670975,0.946459,0.296625,0.0,0.189292
validation,8PAZ_A,8PAZ,A,123,42,3,8PAZ_A_s42_n3,stage3/candidate_generation/candidates/validation/8PAZ_A/seed_42/8PAZ_A_seed_42_sample_3_model.cif,93.669601,0.946662,0.296477,0.0,0.189332
validation,8PAZ_A,8PAZ,A,123,42,4,8PAZ_A_s42_n4,stage3/candidate_generation/candidates/validation/8PAZ_A/seed_42/8PAZ_A_seed_42_sample_4_model.cif,93.678802,0.946742,0.296633,0.0,0.189348
validation,8PAZ_A,8PAZ,A,123,42,5,8PAZ_A_s42_n5,stage3/candidate_generation/candidates/validation/8PAZ_A/seed_42/8PAZ_A_seed_42_sample_5_model.cif,93.637077,0.946087,0.297102,0.0,0.189217
validation,8PAZ_A,8PAZ,A,123,7,1,8PAZ_A_s7_n1,stage3/candidate_generation/candidates/validation/8PAZ_A/seed_7/8PAZ_A_seed_7_sample_1_model.cif,93.591881,0.945506,0.298641,0.0,0.189101
validation,8PAZ_A,8PAZ,A,123,7,2,8PAZ_A_s7_n2,stage3/candidate_generation/candidates/validation/8PAZ_A/seed_7/8PAZ_A_seed_7_sample_2_model.cif,93.528076,0.94443,0.299723,0.0,0.188886
validation,8PAZ_A,8PAZ,A,123,7,3,8PAZ_A_s7_n3,stage3/candidate_generation/candidates/validation/8PAZ_A/seed_7/8PAZ_A_seed_7_sample_3_model.cif,93.522324,0.944358,0.300202,0.0,0.188872
validation,8PAZ_A,8PAZ,A,123,7,4,8PAZ_A_s7_n4,stage3/candidate_generation/candidates/validation/8PAZ_A/seed_7/8PAZ_A_seed_7_sample_4_model.cif,93.564072,0.945005,0.299091,0.0,0.189001
validation,8PAZ_A,8PAZ,A,123,7,5,8PAZ_A_s7_n5,stage3/candidate_generation/candidates/validation/8PAZ_A/seed_7/8PAZ_A_seed_7_sample_5_model.cif,93.614647,0.945482,0.298394,0.0,0.189096
validation,6SRL_A,6SRL,A,207,123,1,6SRL_A_s123_n1,stage3/candidate_generation/candidates/validation/6SRL_A/seed_123/6SRL_A_seed_123_sample_1_model.cif,90.054352,0.932831,0.387515,0.0,0.186566
validation,6SRL_A,6SRL,A,207,123,2,6SRL_A_s123_n2,stage3/candidate_generation/candidates/validation/6SRL_A/seed_123/6SRL_A_seed_123_sample_2_model.cif,90.022781,0.932441,0.388292,0.0,0.186488
validation,6SRL_A,6SRL,A,207,123,3,6SRL_A_s123_n3,stage3/candidate_generation/candidates/validation/6SRL_A/seed_123/6SRL_A_seed_123_sample_3_model.cif,90.235672,0.934198,0.383876,0.0,0.18684
validation,6SRL_A,6SRL,A,207,123,4,6SRL_A_s123_n4,stage3/candidate_generation/candidates/validation/6SRL_A/seed_123/6SRL_A_seed_123_sample_4_model.cif,90.093666,0.933586,0.385881,0.0,0.186717
validation,6SRL_A,6SRL,A,207,123,5,6SRL_A_s123_n5,stage3/candidate_generation/candidates/validation/6SRL_A/seed_123/6SRL_A_seed_123_sample_5_model.cif,90.035591,0.932716,0.388944,0.0,0.186543
validation,6SRL_A,6SRL,A,207,2024,1,6SRL_A_s2024_n1,stage3/candidate_generation/candidates/validation/6SRL_A/seed_2024/6SRL_A_seed_2024_sample_1_model.cif,89.771736,0.931472,0.388979,0.0,0.186294
validation,6SRL_A,6SRL,A,207,2024,2,6SRL_A_s2024_n2,stage3/candidate_generation/candidates/validation/6SRL_A/seed_2024/6SRL_A_seed_2024_sample_2_model.cif,90.099136,0.931959,0.383269,0.0,0.186392
validation,6SRL_A,6SRL,A,207,2024,3,6SRL_A_s2024_n3,stage3/candidate_generation/candidates/validation/6SRL_A/seed_2024/6SRL_A_seed_2024_sample_3_model.cif,89.954918,0.932736,0.383327,0.0,0.186547
validation,6SRL_A,6SRL,A,207,2024,4,6SRL_A_s2024_n4,stage3/candidate_generation/candidates/validation/6SRL_A/seed_2024/6SRL_A_seed_2024_sample_4_model.cif,89.781837,0.931177,0.388753,0.0,0.186235
validation,6SRL_A,6SRL,A,207,2024,5,6SRL_A_s2024_n5,stage3/candidate_generation/candidates/validation/6SRL_A/seed_2024/6SRL_A_seed_2024_sample_5_model.cif,90.137337,0.932365,0.381267,0.0,0.186473
validation,6SRL_A,6SRL,A,207,31337,1,6SRL_A_s31337_n1,stage3/candidate_generation/candidates/validation/6SRL_A/seed_31337/6SRL_A_seed_31337_sample_1_model.cif,90.25647,0.93369,0.38809,0.0,0.186738
validation,6SRL_A,6SRL,A,207,31337,2,6SRL_A_s31337_n2,stage3/candidate_generation/candidates/validation/6SRL_A/seed_31337/6SRL_A_seed_31337_sample_2_model.cif,90.367805,0.933898,0.38714,0.0,0.18678
validation,6SRL_A,6SRL,A,207,31337,3,6SRL_A_s31337_n3,stage3/candidate_generation/candidates/validation/6SRL_A/seed_31337/6SRL_A_seed_31337_sample_3_model.cif,90.252113,0.933246,0.388024,0.0,0.186649
validation,6SRL_A,6SRL,A,207,31337,4,6SRL_A_s31337_n4,stage3/candidate_generation/candidates/validation/6SRL_A/seed_31337/6SRL_A_seed_31337_sample_4_model.cif,90.305725,0.933365,0.38643,0.0,0.186673
validation,6SRL_A,6SRL,A,207,31337,5,6SRL_A_s31337_n5,stage3/candidate_generation/candidates/validation/6SRL_A/seed_31337/6SRL_A_seed_31337_sample_5_model.cif,89.664726,0.928482,0.409406,0.0,0.185696
validation,6SRL_A,6SRL,A,207,42,1,6SRL_A_s42_n1,stage3/candidate_generation/candidates/validation/6SRL_A/seed_42/6SRL_A_seed_42_sample_1_model.cif,90.473228,0.934301,0.384669,0.0,0.18686
validation,6SRL_A,6SRL,A,207,42,2,6SRL_A_s42_n2,stage3/candidate_generation/candidates/validation/6SRL_A/seed_42/6SRL_A_seed_42_sample_2_model.cif,90.382683,0.933792,0.387252,0.0,0.186758
validation,6SRL_A,6SRL,A,207,42,3,6SRL_A_s42_n3,stage3/candidate_generation/candidates/validation/6SRL_A/seed_42/6SRL_A_seed_42_sample_3_model.cif,90.066864,0.930796,0.398292,0.0,0.186159
validation,6SRL_A,6SRL,A,207,42,4,6SRL_A_s42_n4,stage3/candidate_generation/candidates/validation/6SRL_A/seed_42/6SRL_A_seed_42_sample_4_model.cif,90.406052,0.934033,0.387066,0.0,0.186807
validation,6SRL_A,6SRL,A,207,42,5,6SRL_A_s42_n5,stage3/candidate_generation/candidates/validation/6SRL_A/seed_42/6SRL_A_seed_42_sample_5_model.cif,90.480286,0.934624,0.383908,0.0,0.186925
validation,6SRL_A,6SRL,A,207,7,1,6SRL_A_s7_n1,stage3/candidate_generation/candidates/validation/6SRL_A/seed_7/6SRL_A_seed_7_sample_1_model.cif,90.678993,0.934963,0.382535,0.0,0.186993
validation,6SRL_A,6SRL,A,207,7,2,6SRL_A_s7_n2,stage3/candidate_generation/candidates/validation/6SRL_A/seed_7/6SRL_A_seed_7_sample_2_model.cif,90.653084,0.935282,0.379544,0.0,0.187056
validation,6SRL_A,6SRL,A,207,7,3,6SRL_A_s7_n3,stage3/candidate_generation/candidates/validation/6SRL_A/seed_7/6SRL_A_seed_7_sample_3_model.cif,90.5438,0.934776,0.386172,0.0,0.186955
validation,6SRL_A,6SRL,A,207,7,4,6SRL_A_s7_n4,stage3/candidate_generation/candidates/validation/6SRL_A/seed_7/6SRL_A_seed_7_sample_4_model.cif,90.53875,0.934203,0.385218,0.0,0.186841
validation,6SRL_A,6SRL,A,207,7,5,6SRL_A_s7_n5,stage3/candidate_generation/candidates/validation/6SRL_A/seed_7/6SRL_A_seed_7_sample_5_model.cif,90.656311,0.934796,0.385763,0.0,0.186959
validation,5BOI_A,5BOI,A,246,123,1,5BOI_A_s123_n1,stage3/candidate_generation/candidates/validation/5BOI_A/seed_123/5BOI_A_seed_123_sample_1_model.cif,85.844345,0.856486,0.392699,0.0,0.191622
validation,5BOI_A,5BOI,A,246,123,2,5BOI_A_s123_n2,stage3/candidate_generation/candidates/validation/5BOI_A/seed_123/5BOI_A_seed_123_sample_2_model.cif,85.796059,0.856225,0.391077,0.0,0.193603
validation,5BOI_A,5BOI,A,246,123,3,5BOI_A_s123_n3,stage3/candidate_generation/candidates/validation/5BOI_A/seed_123/5BOI_A_seed_123_sample_3_model.cif,85.851349,0.856131,0.395541,0.0,0.171226
validation,5BOI_A,5BOI,A,246,123,4,5BOI_A_s123_n4,stage3/candidate_generation/candidates/validation/5BOI_A/seed_123/5BOI_A_seed_123_sample_4_model.cif,85.749588,0.855313,0.393558,0.0,0.195453
validation,5BOI_A,5BOI,A,246,123,5,5BOI_A_s123_n5,stage3/candidate_generation/candidates/validation/5BOI_A/seed_123/5BOI_A_seed_123_sample_5_model.cif,85.756302,0.855956,0.391671,0.0,0.175256
validation,5BOI_A,5BOI,A,246,2024,1,5BOI_A_s2024_n1,stage3/candidate_generation/candidates/validation/5BOI_A/seed_2024/5BOI_A_seed_2024_sample_1_model.cif,85.737442,0.858794,0.394174,0.0,0.171759
validation,5BOI_A,5BOI,A,246,2024,2,5BOI_A_s2024_n2,stage3/candidate_generation/candidates/validation/5BOI_A/seed_2024/5BOI_A_seed_2024_sample_2_model.cif,85.482933,0.853512,0.393462,0.0,0.195093
validation,5BOI_A,5BOI,A,246,2024,3,5BOI_A_s2024_n3,stage3/candidate_generation/candidates/validation/5BOI_A/seed_2024/5BOI_A_seed_2024_sample_3_model.cif,85.751945,0.857814,0.395351,0.0,0.171563
validation,5BOI_A,5BOI,A,246,2024,4,5BOI_A_s2024_n4,stage3/candidate_generation/candidates/validation/5BOI_A/seed_2024/5BOI_A_seed_2024_sample_4_model.cif,85.277504,0.851558,0.399304,0.0,0.200799
validation,5BOI_A,5BOI,A,246,2024,5,5BOI_A_s2024_n5,stage3/candidate_generation/candidates/validation/5BOI_A/seed_2024/5BOI_A_seed_2024_sample_5_model.cif,85.573174,0.855293,0.394593,0.0,0.191384
validation,5BOI_A,5BOI,A,246,31337,1,5BOI_A_s31337_n1,stage3/candidate_generation/candidates/validation/5BOI_A/seed_31337/5BOI_A_seed_31337_sample_1_model.cif,85.918755,0.857529,0.391911,0.0,0.189798
validation,5BOI_A,5BOI,A,246,31337,2,5BOI_A_s31337_n2,stage3/candidate_generation/candidates/validation/5BOI_A/seed_31337/5BOI_A_seed_31337_sample_2_model.cif,85.827751,0.855636,0.392946,0.0,0.195518
validation,5BOI_A,5BOI,A,246,31337,3,5BOI_A_s31337_n3,stage3/candidate_generation/candidates/validation/5BOI_A/seed_31337/5BOI_A_seed_31337_sample_3_model.cif,85.931137,0.857055,0.389814,0.0,0.191736
validation,5BOI_A,5BOI,A,246,31337,4,5BOI_A_s31337_n4,stage3/candidate_generation/candidates/validation/5BOI_A/seed_31337/5BOI_A_seed_31337_sample_4_model.cif,85.900909,0.856636,0.395242,0.0,0.171327
validation,5BOI_A,5BOI,A,246,31337,5,5BOI_A_s31337_n5,stage3/candidate_generation/candidates/validation/5BOI_A/seed_31337/5BOI_A_seed_31337_sample_5_model.cif,86.087395,0.859706,0.388176,0.0,0.190234
validation,5BOI_A,5BOI,A,246,42,1,5BOI_A_s42_n1,stage3/candidate_generation/candidates/validation/5BOI_A/seed_42/5BOI_A_seed_42_sample_1_model.cif,85.420242,0.851123,0.396149,0.0,0.19868
validation,5BOI_A,5BOI,A,246,42,2,5BOI_A_s42_n2,stage3/candidate_generation/candidates/validation/5BOI_A/seed_42/5BOI_A_seed_42_sample_2_model.cif,85.52784,0.852284,0.393347,0.0,0.194847
validation,5BOI_A,5BOI,A,246,42,3,5BOI_A_s42_n3,stage3/candidate_generation/candidates/validation/5BOI_A/seed_42/5BOI_A_seed_42_sample_3_model.cif,85.538193,0.853887,0.392297,0.0,0.193135
validation,5BOI_A,5BOI,A,246,42,4,5BOI_A_s42_n4,stage3/candidate_generation/candidates/validation/5BOI_A/seed_42/5BOI_A_seed_42_sample_4_model.cif,85.489403,0.852082,0.395201,0.0,0.196839
validation,5BOI_A,5BOI,A,246,42,5,5BOI_A_s42_n5,stage3/candidate_generation/candidates/validation/5BOI_A/seed_42/5BOI_A_seed_42_sample_5_model.cif,85.553719,0.851462,0.396125,0.0,0.170292
validation,5BOI_A,5BOI,A,246,7,1,5BOI_A_s7_n1,stage3/candidate_generation/candidates/validation/5BOI_A/seed_7/5BOI_A_seed_7_sample_1_model.cif,85.72052,0.855736,0.393634,0.0,0.18944
validation,5BOI_A,5BOI,A,246,7,2,5BOI_A_s7_n2,stage3/candidate_generation/candidates/validation/5BOI_A/seed_7/5BOI_A_seed_7_sample_2_model.cif,85.673019,0.855507,0.394467,0.0,0.197524
validation,5BOI_A,5BOI,A,246,7,3,5BOI_A_s7_n3,stage3/candidate_generation/candidates/validation/5BOI_A/seed_7/5BOI_A_seed_7_sample_3_model.cif,85.47715,0.850863,0.40145,0.0,0.20066
validation,5BOI_A,5BOI,A,246,7,4,5BOI_A_s7_n4,stage3/candidate_generation/candidates/validation/5BOI_A/seed_7/5BOI_A_seed_7_sample_4_model.cif,85.667053,0.853855,0.394744,0.0,0.199226
validation,5BOI_A,5BOI,A,246,7,5,5BOI_A_s7_n5,stage3/candidate_generation/candidates/validation/5BOI_A/seed_7/5BOI_A_seed_7_sample_5_model.cif,85.719238,0.855809,0.394953,0.0,0.199617
validation,3DLT_A,3DLT,A,251,123,1,3DLT_A_s123_n1,stage3/candidate_generation/candidates/validation/3DLT_A/seed_123/3DLT_A_seed_123_sample_1_model.cif,90.569473,0.932333,0.329145,0.0,0.210371
validation,3DLT_A,3DLT,A,251,123,2,3DLT_A_s123_n2,stage3/candidate_generation/candidates/validation/3DLT_A/seed_123/3DLT_A_seed_123_sample_2_model.cif,90.491508,0.931655,0.331907,0.0,0.210235
validation,3DLT_A,3DLT,A,251,123,3,3DLT_A_s123_n3,stage3/candidate_generation/candidates/validation/3DLT_A/seed_123/3DLT_A_seed_123_sample_3_model.cif,90.480278,0.932481,0.331032,0.0,0.210401
validation,3DLT_A,3DLT,A,251,123,4,3DLT_A_s123_n4,stage3/candidate_generation/candidates/validation/3DLT_A/seed_123/3DLT_A_seed_123_sample_4_model.cif,90.472168,0.931756,0.33135,0.0,0.210256
validation,3DLT_A,3DLT,A,251,123,5,3DLT_A_s123_n5,stage3/candidate_generation/candidates/validation/3DLT_A/seed_123/3DLT_A_seed_123_sample_5_model.cif,90.626717,0.932685,0.328778,0.0,0.210441
validation,3DLT_A,3DLT,A,251,2024,1,3DLT_A_s2024_n1,stage3/candidate_generation/candidates/validation/3DLT_A/seed_2024/3DLT_A_seed_2024_sample_1_model.cif,90.367279,0.930383,0.333087,0.0,0.209981
validation,3DLT_A,3DLT,A,251,2024,2,3DLT_A_s2024_n2,stage3/candidate_generation/candidates/validation/3DLT_A/seed_2024/3DLT_A_seed_2024_sample_2_model.cif,90.390724,0.931336,0.331574,0.0,0.210172
validation,3DLT_A,3DLT,A,251,2024,3,3DLT_A_s2024_n3,stage3/candidate_generation/candidates/validation/3DLT_A/seed_2024/3DLT_A_seed_2024_sample_3_model.cif,90.516968,0.93121,0.331266,0.0,0.210146
validation,3DLT_A,3DLT,A,251,2024,4,3DLT_A_s2024_n4,stage3/candidate_generation/candidates/validation/3DLT_A/seed_2024/3DLT_A_seed_2024_sample_4_model.cif,90.437622,0.930318,0.332587,0.0,0.209968
validation,3DLT_A,3DLT,A,251,2024,5,3DLT_A_s2024_n5,stage3/candidate_generation/candidates/validation/3DLT_A/seed_2024/3DLT_A_seed_2024_sample_5_model.cif,90.509079,0.931509,0.330716,0.0,0.210206
validation,3DLT_A,3DLT,A,251,31337,1,3DLT_A_s31337_n1,stage3/candidate_generation/candidates/validation/3DLT_A/seed_31337/3DLT_A_seed_31337_sample_1_model.cif,90.349167,0.929542,0.337943,0.0,0.209813
validation,3DLT_A,3DLT,A,251,31337,2,3DLT_A_s31337_n2,stage3/candidate_generation/candidates/validation/3DLT_A/seed_31337/3DLT_A_seed_31337_sample_2_model.cif,90.426102,0.930287,0.335419,0.0,0.209962
validation,3DLT_A,3DLT,A,251,31337,3,3DLT_A_s31337_n3,stage3/candidate_generation/candidates/validation/3DLT_A/seed_31337/3DLT_A_seed_31337_sample_3_model.cif,90.509026,0.930674,0.335473,0.0,0.210039
validation,3DLT_A,3DLT,A,251,31337,4,3DLT_A_s31337_n4,stage3/candidate_generation/candidates/validation/3DLT_A/seed_31337/3DLT_A_seed_31337_sample_4_model.cif,90.407028,0.930359,0.336148,0.0,0.209976
validation,3DLT_A,3DLT,A,251,31337,5,3DLT_A_s31337_n5,stage3/candidate_generation/candidates/validation/3DLT_A/seed_31337/3DLT_A_seed_31337_sample_5_model.cif,90.522583,0.930684,0.334509,0.0,0.210041
validation,3DLT_A,3DLT,A,251,42,1,3DLT_A_s42_n1,stage3/candidate_generation/candidates/validation/3DLT_A/seed_42/3DLT_A_seed_42_sample_1_model.cif,90.4505,0.930899,0.334899,0.0,0.210084
validation,3DLT_A,3DLT,A,251,42,2,3DLT_A_s42_n2,stage3/candidate_generation/candidates/validation/3DLT_A/seed_42/3DLT_A_seed_42_sample_2_model.cif,90.493187,0.931273,0.333488,0.0,0.210159
validation,3DLT_A,3DLT,A,251,42,3,3DLT_A_s42_n3,stage3/candidate_generation/candidates/validation/3DLT_A/seed_42/3DLT_A_seed_42_sample_3_model.cif,90.514816,0.931335,0.333222,0.0,0.210171
validation,3DLT_A,3DLT,A,251,42,4,3DLT_A_s42_n4,stage3/candidate_generation/candidates/validation/3DLT_A/seed_42/3DLT_A_seed_42_sample_4_model.cif,90.558769,0.931242,0.333702,0.0,0.210153
validation,3DLT_A,3DLT,A,251,42,5,3DLT_A_s42_n5,stage3/candidate_generation/candidates/validation/3DLT_A/seed_42/3DLT_A_seed_42_sample_5_model.cif,90.385681,0.929998,0.335928,0.0,0.209904
validation,3DLT_A,3DLT,A,251,7,1,3DLT_A_s7_n1,stage3/candidate_generation/candidates/validation/3DLT_A/seed_7/3DLT_A_seed_7_sample_1_model.cif,90.602516,0.931901,0.333235,0.0,0.210285
validation,3DLT_A,3DLT,A,251,7,2,3DLT_A_s7_n2,stage3/candidate_generation/candidates/validation/3DLT_A/seed_7/3DLT_A_seed_7_sample_2_model.cif,90.571121,0.931981,0.333745,0.0,0.210301
validation,3DLT_A,3DLT,A,251,7,3,3DLT_A_s7_n3,stage3/candidate_generation/candidates/validation/3DLT_A/seed_7/3DLT_A_seed_7_sample_3_model.cif,90.655777,0.932618,0.332573,0.0,0.210428
validation,3DLT_A,3DLT,A,251,7,4,3DLT_A_s7_n4,stage3/candidate_generation/candidates/validation/3DLT_A/seed_7/3DLT_A_seed_7_sample_4_model.cif,90.506241,0.931515,0.335084,0.0,0.210207
validation,3DLT_A,3DLT,A,251,7,5,3DLT_A_s7_n5,stage3/candidate_generation/candidates/validation/3DLT_A/seed_7/3DLT_A_seed_7_sample_5_model.cif,90.540016,0.931461,0.333606,0.0,0.210197
validation,4DXZ_A,4DXZ,A,111,123,1,4DXZ_A_s123_n1,stage3/candidate_generation/candidates/validation/4DXZ_A/seed_123/4DXZ_A_seed_123_sample_1_model.cif,89.846397,0.902012,0.366211,0.0,0.189411
validation,4DXZ_A,4DXZ,A,111,123,2,4DXZ_A_s123_n2,stage3/candidate_generation/candidates/validation/4DXZ_A/seed_123/4DXZ_A_seed_123_sample_2_model.cif,89.647667,0.899471,0.367047,0.0,0.184399
validation,4DXZ_A,4DXZ,A,111,123,3,4DXZ_A_s123_n3,stage3/candidate_generation/candidates/validation/4DXZ_A/seed_123/4DXZ_A_seed_123_sample_3_model.cif,89.971725,0.903121,0.363148,0.0,0.189633
validation,4DXZ_A,4DXZ,A,111,123,4,4DXZ_A_s123_n4,stage3/candidate_generation/candidates/validation/4DXZ_A/seed_123/4DXZ_A_seed_123_sample_4_model.cif,89.307137,0.89651,0.377047,0.0,0.179302
validation,4DXZ_A,4DXZ,A,111,123,5,4DXZ_A_s123_n5,stage3/candidate_generation/candidates/validation/4DXZ_A/seed_123/4DXZ_A_seed_123_sample_5_model.cif,89.881554,0.902097,0.366057,0.0,0.189428
validation,4DXZ_A,4DXZ,A,111,2024,1,4DXZ_A_s2024_n1,stage3/candidate_generation/candidates/validation/4DXZ_A/seed_2024/4DXZ_A_seed_2024_sample_1_model.cif,90.049538,0.903322,0.361922,0.0,0.189673
validation,4DXZ_A,4DXZ,A,111,2024,2,4DXZ_A_s2024_n2,stage3/candidate_generation/candidates/validation/4DXZ_A/seed_2024/4DXZ_A_seed_2024_sample_2_model.cif,89.968361,0.902754,0.363787,0.0,0.18956
validation,4DXZ_A,4DXZ,A,111,2024,3,4DXZ_A_s2024_n3,stage3/candidate_generation/candidates/validation/4DXZ_A/seed_2024/4DXZ_A_seed_2024_sample_3_model.cif,89.959869,0.902941,0.36343,0.0,0.189597
validation,4DXZ_A,4DXZ,A,111,2024,4,4DXZ_A_s2024_n4,stage3/candidate_generation/candidates/validation/4DXZ_A/seed_2024/4DXZ_A_seed_2024_sample_4_model.cif,89.879341,0.901734,0.365711,0.0,0.189356
validation,4DXZ_A,4DXZ,A,111,2024,5,4DXZ_A_s2024_n5,stage3/candidate_generation/candidates/validation/4DXZ_A/seed_2024/4DXZ_A_seed_2024_sample_5_model.cif,89.972687,0.902796,0.363614,0.0,0.185064
validation,4DXZ_A,4DXZ,A,111,31337,1,4DXZ_A_s31337_n1,stage3/candidate_generation/candidates/validation/4DXZ_A/seed_31337/4DXZ_A_seed_31337_sample_1_model.cif,89.984268,0.901883,0.363249,0.0,0.189386
validation,4DXZ_A,4DXZ,A,111,31337,2,4DXZ_A_s31337_n2,stage3/candidate_generation/candidates/validation/4DXZ_A/seed_31337/4DXZ_A_seed_31337_sample_2_model.cif,90.020958,0.902367,0.363367,0.0,0.189482
validation,4DXZ_A,4DXZ,A,111,31337,3,4DXZ_A_s31337_n3,stage3/candidate_generation/candidates/validation/4DXZ_A/seed_31337/4DXZ_A_seed_31337_sample_3_model.cif,89.929367,0.900983,0.365004,0.0,0.189206
validation,4DXZ_A,4DXZ,A,111,31337,4,4DXZ_A_s31337_n4,stage3/candidate_generation/candidates/validation/4DXZ_A/seed_31337/4DXZ_A_seed_31337_sample_4_model.cif,89.899826,0.900777,0.365938,0.0,0.18466
validation,4DXZ_A,4DXZ,A,111,31337,5,4DXZ_A_s31337_n5,stage3/candidate_generation/candidates/validation/4DXZ_A/seed_31337/4DXZ_A_seed_31337_sample_5_model.cif,89.989861,0.902386,0.361857,0.0,0.189486
validation,4DXZ_A,4DXZ,A,111,42,1,4DXZ_A_s42_n1,stage3/candidate_generation/candidates/validation/4DXZ_A/seed_42/4DXZ_A_seed_42_sample_1_model.cif,89.939491,0.902122,0.365343,0.0,0.189433
validation,4DXZ_A,4DXZ,A,111,42,2,4DXZ_A_s42_n2,stage3/candidate_generation/candidates/validation/4DXZ_A/seed_42/4DXZ_A_seed_42_sample_2_model.cif,89.836708,0.900845,0.366958,0.0,0.189178
validation,4DXZ_A,4DXZ,A,111,42,3,4DXZ_A_s42_n3,stage3/candidate_generation/candidates/validation/4DXZ_A/seed_42/4DXZ_A_seed_42_sample_3_model.cif,89.849953,0.901296,0.367027,0.0,0.189268
validation,4DXZ_A,4DXZ,A,111,42,4,4DXZ_A_s42_n4,stage3/candidate_generation/candidates/validation/4DXZ_A/seed_42/4DXZ_A_seed_42_sample_4_model.cif,89.833565,0.901547,0.366147,0.0,0.189318
validation,4DXZ_A,4DXZ,A,111,42,5,4DXZ_A_s42_n5,stage3/candidate_generation/candidates/validation/4DXZ_A/seed_42/4DXZ_A_seed_42_sample_5_model.cif,89.357979,0.897604,0.376982,0.0,0.184025
validation,4DXZ_A,4DXZ,A,111,7,1,4DXZ_A_s7_n1,stage3/candidate_generation/candidates/validation/4DXZ_A/seed_7/4DXZ_A_seed_7_sample_1_model.cif,89.74511,0.899572,0.368964,0.0,0.188923
validation,4DXZ_A,4DXZ,A,111,7,2,4DXZ_A_s7_n2,stage3/candidate_generation/candidates/validation/4DXZ_A/seed_7/4DXZ_A_seed_7_sample_2_model.cif,89.99321,0.902754,0.361231,0.0,0.18956
validation,4DXZ_A,4DXZ,A,111,7,3,4DXZ_A_s7_n3,stage3/candidate_generation/candidates/validation/4DXZ_A/seed_7/4DXZ_A_seed_7_sample_3_model.cif,89.934624,0.901927,0.364157,0.0,0.189394
validation,4DXZ_A,4DXZ,A,111,7,4,4DXZ_A_s7_n4,stage3/candidate_generation/candidates/validation/4DXZ_A/seed_7/4DXZ_A_seed_7_sample_4_model.cif,89.796104,0.900652,0.367326,0.0,0.189139
validation,4DXZ_A,4DXZ,A,111,7,5,4DXZ_A_s7_n5,stage3/candidate_generation/candidates/validation/4DXZ_A/seed_7/4DXZ_A_seed_7_sample_5_model.cif,89.983513,0.902804,0.363021,0.0,0.18957
